Date,Metric,Price,Country
2026-04-28,Baseload,105.67,CH
2026-04-29,Baseload,93.49,CH
2026-04-30,Baseload,71.01,CH
2026-05-01,Baseload,-0.68,CH
2026-05-02,Baseload,1.82,CH
2026-05-03,Baseload,65.71,CH
2026-05-04,Baseload,122.58,CH
2026-05-05,Baseload,127.14,CH
2026-05-06,Baseload,132.35,CH
2026-05-07,Baseload,134.65,CH
2026-05-08,Baseload,107.62,CH
2026-04-28,Solar Generation,2335.92,CH
2026-04-29,Solar Generation,23127.08,CH
2026-04-30,Solar Generation,29854.8,CH
2026-05-01,Solar Generation,31626.0,CH
2026-05-02,Solar Generation,31545.93,CH
2026-05-03,Solar Generation,25557.31,CH
2026-05-04,Solar Generation,19767.3,CH
2026-05-05,Solar Generation,16585.46,CH
2026-05-06,Solar Generation,13164.45,CH
2026-05-07,Solar Generation,20947.43,CH
2026-04-28,Solar Capture,96.12,CH
2026-04-29,Solar Capture,65.76,CH
2026-04-30,Solar Capture,3.29,CH
2026-05-01,Solar Capture,-163.55,CH
2026-05-02,Solar Capture,-155.2,CH
2026-05-03,Solar Capture,-4.91,CH
2026-05-04,Solar Capture,106.79,CH
2026-05-05,Solar Capture,119.21,CH
2026-05-06,Solar Capture,128.65,CH
2026-05-07,Solar Capture,117.98,CH
2026-04-28,Wind Onshore Generation,77.42,CH
2026-04-29,Wind Onshore Generation,471.73,CH
2026-04-30,Wind Onshore Generation,506.45,CH
2026-05-01,Wind Onshore Generation,132.09,CH
2026-05-02,Wind Onshore Generation,133.76,CH
2026-05-03,Wind Onshore Generation,251.87,CH
2026-05-04,Wind Onshore Generation,258.84,CH
2026-05-05,Wind Onshore Generation,321.84,CH
2026-05-06,Wind Onshore Generation,337.89,CH
2026-05-07,Wind Onshore Generation,159.69,CH
2026-04-28,Wind Onshore Capture,105.41,CH
2026-04-29,Wind Onshore Capture,94.22,CH
2026-04-30,Wind Onshore Capture,83.57,CH
2026-05-01,Wind Onshore Capture,35.04,CH
2026-05-02,Wind Onshore Capture,-2.24,CH
2026-05-03,Wind Onshore Capture,58.3,CH
2026-05-04,Wind Onshore Capture,117.8,CH
2026-05-05,Wind Onshore Capture,127.37,CH
2026-05-06,Wind Onshore Capture,133.55,CH
2026-05-07,Wind Onshore Capture,127.39,CH
2026-04-28,Solar Forecast,2404.44,CH
2026-04-29,Solar Forecast,19970.25,CH
2026-04-30,Solar Forecast,27021.13,CH
2026-05-01,Solar Forecast,30613.9,CH
2026-05-02,Solar Forecast,27012.93,CH
2026-05-03,Solar Forecast,23050.57,CH
2026-05-04,Solar Forecast,17187.67,CH
2026-05-05,Solar Forecast,14242.58,CH
2026-05-06,Solar Forecast,12004.04,CH
2026-05-07,Solar Forecast,27665.52,CH
2026-04-28,Wind Onshore Forecast,91.72,CH
2026-04-29,Wind Onshore Forecast,394.37,CH
2026-04-30,Wind Onshore Forecast,485.15,CH
2026-05-01,Wind Onshore Forecast,113.8,CH
2026-05-02,Wind Onshore Forecast,148.89,CH
2026-05-03,Wind Onshore Forecast,289.96,CH
2026-05-04,Wind Onshore Forecast,262.5,CH
2026-05-05,Wind Onshore Forecast,282.14,CH
2026-05-06,Wind Onshore Forecast,284.84,CH
2026-05-07,Wind Onshore Forecast,170.78,CH
2026-04-28,Baseload,64.83,BE
2026-04-29,Baseload,51.68,BE
2026-04-30,Baseload,57.46,BE
2026-05-01,Baseload,-5.47,BE
2026-05-02,Baseload,68.48,BE
2026-05-03,Baseload,85.46,BE
2026-05-04,Baseload,123.74,BE
2026-05-05,Baseload,119.98,BE
2026-05-06,Baseload,122.06,BE
2026-05-07,Baseload,124.81,BE
2026-05-08,Baseload,98.12,BE
2026-04-28,Solar Generation,14664.42,BE
2026-04-29,Solar Generation,68918.97,BE
2026-04-30,Solar Generation,69635.91,BE
2026-05-01,Solar Generation,68464.6,BE
2026-05-02,Solar Generation,50071.68,BE
2026-05-03,Solar Generation,20088.85,BE
2026-05-04,Solar Generation,30315.23,BE
2026-05-05,Solar Generation,15964.69,BE
2026-05-06,Solar Generation,24784.36,BE
2026-05-07,Solar Generation,28714.94,BE
2026-04-28,Solar Capture,13.54,BE
2026-04-29,Solar Capture,-7.09,BE
2026-04-30,Solar Capture,3.49,BE
2026-05-01,Solar Capture,-188.21,BE
2026-05-02,Solar Capture,-22.7,BE
2026-05-03,Solar Capture,33.98,BE
2026-05-04,Solar Capture,110.54,BE
2026-05-05,Solar Capture,112.02,BE
2026-05-06,Solar Capture,108.58,BE
2026-05-07,Solar Capture,112.39,BE
2026-04-28,Wind Onshore Generation,15793.73,BE
2026-04-29,Wind Onshore Generation,42558.34,BE
2026-04-30,Wind Onshore Generation,35524.81,BE
2026-05-01,Wind Onshore Generation,16416.21,BE
2026-05-02,Wind Onshore Generation,6993.7,BE
2026-05-03,Wind Onshore Generation,10414.08,BE
2026-05-04,Wind Onshore Generation,4367.58,BE
2026-05-05,Wind Onshore Generation,11046.06,BE
2026-05-06,Wind Onshore Generation,12008.22,BE
2026-05-07,Wind Onshore Generation,882.89,BE
2026-04-28,Wind Onshore Capture,66.51,BE
2026-04-29,Wind Onshore Capture,56.36,BE
2026-04-30,Wind Onshore Capture,62.73,BE
2026-05-01,Wind Onshore Capture,55.14,BE
2026-05-02,Wind Onshore Capture,104.25,BE
2026-05-03,Wind Onshore Capture,85.08,BE
2026-05-04,Wind Onshore Capture,128.06,BE
2026-05-05,Wind Onshore Capture,124.13,BE
2026-05-06,Wind Onshore Capture,120.97,BE
2026-05-07,Wind Onshore Capture,123.69,BE
2026-04-28,Wind Offshore Generation,17029.0,BE
2026-04-29,Wind Offshore Generation,44369.19,BE
2026-04-30,Wind Offshore Generation,34570.4,BE
2026-05-01,Wind Offshore Generation,7908.98,BE
2026-05-02,Wind Offshore Generation,2984.31,BE
2026-05-03,Wind Offshore Generation,3431.04,BE
2026-05-04,Wind Offshore Generation,5410.18,BE
2026-05-05,Wind Offshore Generation,18504.32,BE
2026-05-06,Wind Offshore Generation,12844.2,BE
2026-05-07,Wind Offshore Generation,2589.81,BE
2026-04-28,Wind Offshore Capture,64.9,BE
2026-04-29,Wind Offshore Capture,56.64,BE
2026-04-30,Wind Offshore Capture,70.02,BE
2026-05-01,Wind Offshore Capture,69.07,BE
2026-05-02,Wind Offshore Capture,88.06,BE
2026-05-03,Wind Offshore Capture,96.53,BE
2026-05-04,Wind Offshore Capture,141.08,BE
2026-05-05,Wind Offshore Capture,123.84,BE
2026-05-06,Wind Offshore Capture,120.01,BE
2026-05-07,Wind Offshore Capture,124.19,BE
2026-04-28,Solar Forecast,13850.27,BE
2026-04-29,Solar Forecast,66836.91,BE
2026-04-30,Solar Forecast,67620.37,BE
2026-05-01,Solar Forecast,67127.97,BE
2026-05-02,Solar Forecast,45658.6,BE
2026-05-03,Solar Forecast,19083.0,BE
2026-05-04,Solar Forecast,30335.6,BE
2026-05-05,Solar Forecast,21341.04,BE
2026-05-06,Solar Forecast,15118.48,BE
2026-05-07,Solar Forecast,42010.31,BE
2026-05-08,Solar Forecast,31134.63,BE
2026-04-28,Wind Onshore Forecast,13020.55,BE
2026-04-29,Wind Onshore Forecast,38349.25,BE
2026-04-30,Wind Onshore Forecast,31059.4,BE
2026-05-01,Wind Onshore Forecast,14677.12,BE
2026-05-02,Wind Onshore Forecast,7677.3,BE
2026-05-03,Wind Onshore Forecast,11471.1,BE
2026-05-04,Wind Onshore Forecast,3529.78,BE
2026-05-05,Wind Onshore Forecast,10792.18,BE
2026-05-06,Wind Onshore Forecast,13913.3,BE
2026-05-07,Wind Onshore Forecast,2020.8,BE
2026-05-08,Wind Onshore Forecast,1942.78,BE
2026-04-28,Wind Offshore Forecast,16783.42,BE
2026-04-29,Wind Offshore Forecast,47507.7,BE
2026-04-30,Wind Offshore Forecast,34768.55,BE
2026-05-01,Wind Offshore Forecast,15650.75,BE
2026-05-02,Wind Offshore Forecast,4221.02,BE
2026-05-03,Wind Offshore Forecast,9756.55,BE
2026-05-04,Wind Offshore Forecast,5539.32,BE
2026-05-05,Wind Offshore Forecast,20974.3,BE
2026-05-06,Wind Offshore Forecast,25031.48,BE
2026-05-07,Wind Offshore Forecast,4289.92,BE
2026-05-08,Wind Offshore Forecast,1610.05,BE
2026-04-28,Baseload,112.57,AT
2026-04-29,Baseload,81.58,AT
2026-04-30,Baseload,78.63,AT
2026-05-01,Baseload,-0.02,AT
2026-05-02,Baseload,59.29,AT
2026-05-03,Baseload,71.46,AT
2026-05-04,Baseload,107.6,AT
2026-05-05,Baseload,111.97,AT
2026-05-06,Baseload,124.44,AT
2026-05-07,Baseload,137.29,AT
2026-05-08,Baseload,112.91,AT
2026-04-28,Solar Generation,20004.0,AT
2026-04-29,Solar Generation,103024.0,AT
2026-04-30,Solar Generation,178008.0,AT
2026-05-01,Solar Generation,146292.0,AT
2026-05-02,Solar Generation,155232.0,AT
2026-05-03,Solar Generation,162944.0,AT
2026-05-04,Solar Generation,143332.0,AT
2026-05-05,Solar Generation,122044.0,AT
2026-05-06,Solar Generation,109812.0,AT
2026-05-07,Solar Generation,94012.0,AT
2026-04-28,Solar Capture,72.83,AT
2026-04-29,Solar Capture,19.28,AT
2026-04-30,Solar Capture,13.48,AT
2026-05-01,Solar Capture,-178.21,AT
2026-05-02,Solar Capture,-29.5,AT
2026-05-03,Solar Capture,8.19,AT
2026-05-04,Solar Capture,38.91,AT
2026-05-05,Solar Capture,63.8,AT
2026-05-06,Solar Capture,106.69,AT
2026-05-07,Solar Capture,117.7,AT
2026-04-28,Wind Onshore Generation,32424.0,AT
2026-04-29,Wind Onshore Generation,127664.0,AT
2026-04-30,Wind Onshore Generation,80104.0,AT
2026-05-01,Wind Onshore Generation,27036.0,AT
2026-05-02,Wind Onshore Generation,10620.0,AT
2026-05-03,Wind Onshore Generation,132612.0,AT
2026-05-04,Wind Onshore Generation,228660.0,AT
2026-05-05,Wind Onshore Generation,224136.0,AT
2026-05-06,Wind Onshore Generation,173504.0,AT
2026-05-07,Wind Onshore Generation,48020.0,AT
2026-04-28,Wind Onshore Capture,121.96,AT
2026-04-29,Wind Onshore Capture,97.71,AT
2026-04-30,Wind Onshore Capture,80.78,AT
2026-05-01,Wind Onshore Capture,35.09,AT
2026-05-02,Wind Onshore Capture,91.88,AT
2026-05-03,Wind Onshore Capture,79.07,AT
2026-05-04,Wind Onshore Capture,118.85,AT
2026-05-05,Wind Onshore Capture,113.72,AT
2026-05-06,Wind Onshore Capture,126.8,AT
2026-05-07,Wind Onshore Capture,129.78,AT
2026-04-28,Solar Forecast,8828.0,AT
2026-04-29,Solar Forecast,75232.0,AT
2026-04-30,Solar Forecast,122372.0,AT
2026-05-01,Solar Forecast,132912.0,AT
2026-05-02,Solar Forecast,163668.0,AT
2026-05-03,Solar Forecast,157312.0,AT
2026-05-04,Solar Forecast,150648.0,AT
2026-05-05,Solar Forecast,104356.0,AT
2026-05-06,Solar Forecast,95512.0,AT
2026-05-07,Solar Forecast,102168.0,AT
2026-05-08,Solar Forecast,101832.0,AT
2026-04-28,Wind Onshore Forecast,26248.0,AT
2026-04-29,Wind Onshore Forecast,127676.0,AT
2026-04-30,Wind Onshore Forecast,73948.0,AT
2026-05-01,Wind Onshore Forecast,33228.0,AT
2026-05-02,Wind Onshore Forecast,20584.0,AT
2026-05-03,Wind Onshore Forecast,157892.0,AT
2026-05-04,Wind Onshore Forecast,216752.0,AT
2026-05-05,Wind Onshore Forecast,247928.0,AT
2026-05-06,Wind Onshore Forecast,138988.0,AT
2026-05-07,Wind Onshore Forecast,73040.0,AT
2026-05-08,Wind Onshore Forecast,8656.0,AT
2026-04-28,Baseload,95.72,CZ
2026-04-29,Baseload,72.46,CZ
2026-04-30,Baseload,75.35,CZ
2026-05-01,Baseload,-3.01,CZ
2026-05-02,Baseload,58.56,CZ
2026-05-03,Baseload,71.75,CZ
2026-05-04,Baseload,115.8,CZ
2026-05-05,Baseload,121.07,CZ
2026-05-06,Baseload,118.27,CZ
2026-05-07,Baseload,136.8,CZ
2026-05-08,Baseload,110.66,CZ
2026-04-28,Solar Generation,22647.55,CZ
2026-04-29,Solar Generation,116567.11,CZ
2026-04-30,Solar Generation,114918.12,CZ
2026-05-01,Solar Generation,99838.72,CZ
2026-05-02,Solar Generation,106421.75,CZ
2026-05-03,Solar Generation,107330.01,CZ
2026-05-04,Solar Generation,99379.82,CZ
2026-05-05,Solar Generation,101179.31,CZ
2026-05-06,Solar Generation,90483.39,CZ
2026-05-07,Solar Generation,62666.32,CZ
2026-04-28,Solar Capture,47.19,CZ
2026-04-29,Solar Capture,14.05,CZ
2026-04-30,Solar Capture,11.56,CZ
2026-05-01,Solar Capture,-180.6,CZ
2026-05-02,Solar Capture,-27.95,CZ
2026-05-03,Solar Capture,11.17,CZ
2026-05-04,Solar Capture,63.32,CZ
2026-05-05,Solar Capture,90.06,CZ
2026-05-06,Solar Capture,99.4,CZ
2026-05-07,Solar Capture,119.47,CZ
2026-04-28,Wind Onshore Generation,3631.26,CZ
2026-04-29,Wind Onshore Generation,9767.11,CZ
2026-04-30,Wind Onshore Generation,5084.55,CZ
2026-05-01,Wind Onshore Generation,2729.35,CZ
2026-05-02,Wind Onshore Generation,2901.86,CZ
2026-05-03,Wind Onshore Generation,9336.32,CZ
2026-05-04,Wind Onshore Generation,8818.12,CZ
2026-05-05,Wind Onshore Generation,8984.52,CZ
2026-05-06,Wind Onshore Generation,8806.38,CZ
2026-05-07,Wind Onshore Generation,3469.5,CZ
2026-04-28,Wind Onshore Capture,101.76,CZ
2026-04-29,Wind Onshore Capture,69.33,CZ
2026-04-30,Wind Onshore Capture,73.3,CZ
2026-05-01,Wind Onshore Capture,23.29,CZ
2026-05-02,Wind Onshore Capture,80.56,CZ
2026-05-03,Wind Onshore Capture,79.67,CZ
2026-05-04,Wind Onshore Capture,112.82,CZ
2026-05-05,Wind Onshore Capture,122.77,CZ
2026-05-06,Wind Onshore Capture,120.48,CZ
2026-05-07,Wind Onshore Capture,123.48,CZ
2026-04-28,Solar Forecast,18294.0,CZ
2026-04-29,Solar Forecast,108856.0,CZ
2026-04-30,Solar Forecast,111264.0,CZ
2026-05-01,Solar Forecast,106486.0,CZ
2026-05-02,Solar Forecast,112858.0,CZ
2026-05-03,Solar Forecast,108870.0,CZ
2026-05-04,Solar Forecast,92247.0,CZ
2026-05-05,Solar Forecast,83026.0,CZ
2026-05-06,Solar Forecast,78417.0,CZ
2026-05-07,Solar Forecast,64221.0,CZ
2026-05-08,Solar Forecast,49245.0,CZ
2026-04-28,Baseload,80.03,DE_LU
2026-04-29,Baseload,65.36,DE_LU
2026-04-30,Baseload,72.06,DE_LU
2026-05-01,Baseload,-2.08,DE_LU
2026-05-02,Baseload,58.85,DE_LU
2026-05-03,Baseload,74.97,DE_LU
2026-05-04,Baseload,131.06,DE_LU
2026-05-05,Baseload,128.73,DE_LU
2026-05-06,Baseload,122.44,DE_LU
2026-05-07,Baseload,136.03,DE_LU
2026-05-08,Baseload,107.88,DE_LU
2026-04-28,Solar Generation,390494.69,DE_LU
2026-04-29,Solar Generation,1749625.98,DE_LU
2026-04-30,Solar Generation,1839180.93,DE_LU
2026-05-01,Solar Generation,1687252.66,DE_LU
2026-05-02,Solar Generation,1673591.99,DE_LU
2026-05-03,Solar Generation,1384183.96,DE_LU
2026-05-04,Solar Generation,1271676.93,DE_LU
2026-05-05,Solar Generation,845163.36,DE_LU
2026-05-06,Solar Generation,823512.98,DE_LU
2026-05-07,Solar Generation,707432.59,DE_LU
2026-04-28,Solar Capture,19.54,DE_LU
2026-04-29,Solar Capture,-4.1,DE_LU
2026-04-30,Solar Capture,5.93,DE_LU
2026-05-01,Solar Capture,-164.11,DE_LU
2026-05-02,Solar Capture,-26.29,DE_LU
2026-05-03,Solar Capture,12.9,DE_LU
2026-05-04,Solar Capture,97.83,DE_LU
2026-05-05,Solar Capture,112.85,DE_LU
2026-05-06,Solar Capture,107.83,DE_LU
2026-05-07,Solar Capture,113.53,DE_LU
2026-04-28,Wind Onshore Generation,704186.73,DE_LU
2026-04-29,Wind Onshore Generation,1386987.76,DE_LU
2026-04-30,Wind Onshore Generation,1129283.04,DE_LU
2026-05-01,Wind Onshore Generation,808458.4,DE_LU
2026-05-02,Wind Onshore Generation,967255.28,DE_LU
2026-05-03,Wind Onshore Generation,953582.71,DE_LU
2026-05-04,Wind Onshore Generation,536275.1,DE_LU
2026-05-05,Wind Onshore Generation,386993.42,DE_LU
2026-05-06,Wind Onshore Generation,992469.16,DE_LU
2026-05-07,Wind Onshore Generation,446207.13,DE_LU
2026-04-28,Wind Onshore Capture,87.7,DE_LU
2026-04-29,Wind Onshore Capture,84.18,DE_LU
2026-04-30,Wind Onshore Capture,82.97,DE_LU
2026-05-01,Wind Onshore Capture,76.0,DE_LU
2026-05-02,Wind Onshore Capture,81.07,DE_LU
2026-05-03,Wind Onshore Capture,85.47,DE_LU
2026-05-04,Wind Onshore Capture,126.19,DE_LU
2026-05-05,Wind Onshore Capture,133.09,DE_LU
2026-05-06,Wind Onshore Capture,123.41,DE_LU
2026-05-07,Wind Onshore Capture,124.57,DE_LU
2026-04-28,Wind Offshore Generation,100503.86,DE_LU
2026-04-29,Wind Offshore Generation,108874.11,DE_LU
2026-04-30,Wind Offshore Generation,169174.61,DE_LU
2026-05-01,Wind Offshore Generation,248941.0,DE_LU
2026-05-02,Wind Offshore Generation,211340.12,DE_LU
2026-05-03,Wind Offshore Generation,96932.56,DE_LU
2026-05-04,Wind Offshore Generation,120027.04,DE_LU
2026-05-05,Wind Offshore Generation,81060.14,DE_LU
2026-05-06,Wind Offshore Generation,344097.29,DE_LU
2026-05-07,Wind Offshore Generation,59927.96,DE_LU
2026-04-28,Wind Offshore Capture,96.66,DE_LU
2026-04-29,Wind Offshore Capture,104.17,DE_LU
2026-04-30,Wind Offshore Capture,102.41,DE_LU
2026-05-01,Wind Offshore Capture,84.63,DE_LU
2026-05-02,Wind Offshore Capture,78.49,DE_LU
2026-05-03,Wind Offshore Capture,112.55,DE_LU
2026-05-04,Wind Offshore Capture,127.81,DE_LU
2026-05-05,Wind Offshore Capture,135.63,DE_LU
2026-05-06,Wind Offshore Capture,124.03,DE_LU
2026-05-07,Wind Offshore Capture,125.97,DE_LU
2026-04-28,Solar Forecast,393200.14,DE_LU
2026-04-29,Solar Forecast,1807844.08,DE_LU
2026-04-30,Solar Forecast,1859764.98,DE_LU
2026-05-01,Solar Forecast,1804465.37,DE_LU
2026-05-02,Solar Forecast,1673881.82,DE_LU
2026-05-03,Solar Forecast,1315642.23,DE_LU
2026-05-04,Solar Forecast,1243330.21,DE_LU
2026-05-05,Solar Forecast,954282.69,DE_LU
2026-05-06,Solar Forecast,839222.06,DE_LU
2026-05-07,Solar Forecast,861899.34,DE_LU
2026-04-28,Wind Onshore Forecast,646533.01,DE_LU
2026-04-29,Wind Onshore Forecast,1370389.77,DE_LU
2026-04-30,Wind Onshore Forecast,1168919.84,DE_LU
2026-05-01,Wind Onshore Forecast,873096.77,DE_LU
2026-05-02,Wind Onshore Forecast,1038247.78,DE_LU
2026-05-03,Wind Onshore Forecast,914457.52,DE_LU
2026-05-04,Wind Onshore Forecast,526132.74,DE_LU
2026-05-05,Wind Onshore Forecast,449256.49,DE_LU
2026-05-06,Wind Onshore Forecast,1059645.18,DE_LU
2026-05-07,Wind Onshore Forecast,539659.4,DE_LU
2026-04-28,Wind Offshore Forecast,94421.18,DE_LU
2026-04-29,Wind Offshore Forecast,82806.46,DE_LU
2026-04-30,Wind Offshore Forecast,130897.0,DE_LU
2026-05-01,Wind Offshore Forecast,213097.82,DE_LU
2026-05-02,Wind Offshore Forecast,213420.99,DE_LU
2026-05-03,Wind Offshore Forecast,40968.19,DE_LU
2026-05-04,Wind Offshore Forecast,96388.69,DE_LU
2026-05-05,Wind Offshore Forecast,70845.75,DE_LU
2026-05-06,Wind Offshore Forecast,316892.9,DE_LU
2026-05-07,Wind Offshore Forecast,69210.37,DE_LU
2026-04-28,Baseload,151.86,IE_SEM
2026-04-29,Baseload,127.14,IE_SEM
2026-04-30,Baseload,129.6,IE_SEM
2026-05-01,Baseload,212.71,IE_SEM
2026-05-02,Baseload,192.34,IE_SEM
2026-05-03,Baseload,159.06,IE_SEM
2026-05-04,Baseload,154.56,IE_SEM
2026-05-05,Baseload,173.15,IE_SEM
2026-05-06,Baseload,188.52,IE_SEM
2026-05-07,Baseload,172.22,IE_SEM
2026-05-08,Baseload,169.56,IE_SEM
2026-04-28,Solar Generation,0.0,IE_SEM
2026-04-29,Solar Generation,0.0,IE_SEM
2026-04-30,Solar Generation,0.0,IE_SEM
2026-05-01,Solar Generation,0.0,IE_SEM
2026-05-02,Solar Generation,0.0,IE_SEM
2026-05-03,Solar Generation,0.0,IE_SEM
2026-05-04,Solar Generation,0.0,IE_SEM
2026-05-05,Solar Generation,0.0,IE_SEM
2026-05-06,Solar Generation,0.0,IE_SEM
2026-05-07,Solar Generation,0.0,IE_SEM
2026-04-28,Wind Onshore Generation,8183.71,IE_SEM
2026-04-29,Wind Onshore Generation,36982.61,IE_SEM
2026-04-30,Wind Onshore Generation,42312.04,IE_SEM
2026-05-01,Wind Onshore Generation,12305.62,IE_SEM
2026-05-02,Wind Onshore Generation,5339.5,IE_SEM
2026-05-03,Wind Onshore Generation,11958.5,IE_SEM
2026-05-04,Wind Onshore Generation,14117.98,IE_SEM
2026-05-05,Wind Onshore Generation,10879.07,IE_SEM
2026-05-06,Wind Onshore Generation,5625.22,IE_SEM
2026-05-07,Wind Onshore Generation,8264.18,IE_SEM
2026-04-28,Wind Onshore Capture,157.27,IE_SEM
2026-04-29,Wind Onshore Capture,125.56,IE_SEM
2026-04-30,Wind Onshore Capture,112.51,IE_SEM
2026-05-01,Wind Onshore Capture,210.78,IE_SEM
2026-05-02,Wind Onshore Capture,189.07,IE_SEM
2026-05-03,Wind Onshore Capture,159.32,IE_SEM
2026-05-04,Wind Onshore Capture,156.51,IE_SEM
2026-05-05,Wind Onshore Capture,175.24,IE_SEM
2026-05-06,Wind Onshore Capture,186.78,IE_SEM
2026-05-07,Wind Onshore Capture,157.11,IE_SEM
2026-04-28,Wind Onshore Forecast,9090.46,IE_SEM
2026-04-29,Wind Onshore Forecast,61145.14,IE_SEM
2026-04-30,Wind Onshore Forecast,71224.17,IE_SEM
2026-05-01,Wind Onshore Forecast,11956.12,IE_SEM
2026-05-02,Wind Onshore Forecast,9785.52,IE_SEM
2026-05-03,Wind Onshore Forecast,13928.69,IE_SEM
2026-05-04,Wind Onshore Forecast,15712.85,IE_SEM
2026-05-05,Wind Onshore Forecast,13621.44,IE_SEM
2026-05-06,Wind Onshore Forecast,9273.61,IE_SEM
2026-05-07,Wind Onshore Forecast,12710.03,IE_SEM
2026-05-08,Wind Onshore Forecast,1845.02,IE_SEM
2026-04-28,Baseload,16.42,FR
2026-04-29,Baseload,3.32,FR
2026-04-30,Baseload,11.59,FR
2026-05-01,Baseload,-41.39,FR
2026-05-02,Baseload,25.59,FR
2026-05-03,Baseload,32.3,FR
2026-05-04,Baseload,111.38,FR
2026-05-05,Baseload,92.06,FR
2026-05-06,Baseload,113.4,FR
2026-05-07,Baseload,98.56,FR
2026-05-08,Baseload,49.64,FR
2026-04-28,Solar Generation,117286.08,FR
2026-04-29,Solar Generation,428115.09,FR
2026-04-30,Solar Generation,409670.1,FR
2026-05-01,Solar Generation,441786.62,FR
2026-05-02,Solar Generation,399069.06,FR
2026-05-03,Solar Generation,362712.58,FR
2026-05-04,Solar Generation,300509.93,FR
2026-05-05,Solar Generation,366740.5,FR
2026-05-06,Solar Generation,391558.55,FR
2026-05-07,Solar Generation,476696.65,FR
2026-04-28,Solar Capture,8.8,FR
2026-04-29,Solar Capture,-15.96,FR
2026-04-30,Solar Capture,-4.68,FR
2026-05-01,Solar Capture,-177.46,FR
2026-05-02,Solar Capture,-27.29,FR
2026-05-03,Solar Capture,6.57,FR
2026-05-04,Solar Capture,106.31,FR
2026-05-05,Solar Capture,74.12,FR
2026-05-06,Solar Capture,101.53,FR
2026-05-07,Solar Capture,54.88,FR
2026-04-28,Wind Onshore Generation,225966.23,FR
2026-04-29,Wind Onshore Generation,785525.02,FR
2026-04-30,Wind Onshore Generation,753981.78,FR
2026-05-01,Wind Onshore Generation,327702.26,FR
2026-05-02,Wind Onshore Generation,297410.79,FR
2026-05-03,Wind Onshore Generation,381429.25,FR
2026-05-04,Wind Onshore Generation,170773.17,FR
2026-05-05,Wind Onshore Generation,337534.43,FR
2026-05-06,Wind Onshore Generation,329252.75,FR
2026-05-07,Wind Onshore Generation,67880.67,FR
2026-04-28,Wind Onshore Capture,18.86,FR
2026-04-29,Wind Onshore Capture,9.54,FR
2026-04-30,Wind Onshore Capture,14.94,FR
2026-05-01,Wind Onshore Capture,15.15,FR
2026-05-02,Wind Onshore Capture,37.49,FR
2026-05-03,Wind Onshore Capture,31.95,FR
2026-05-04,Wind Onshore Capture,111.05,FR
2026-05-05,Wind Onshore Capture,91.26,FR
2026-05-06,Wind Onshore Capture,110.43,FR
2026-05-07,Wind Onshore Capture,98.99,FR
2026-04-28,Wind Offshore Generation,46422.26,FR
2026-04-29,Wind Offshore Generation,107044.64,FR
2026-04-30,Wind Offshore Generation,61600.13,FR
2026-05-01,Wind Offshore Generation,13957.79,FR
2026-05-02,Wind Offshore Generation,28519.84,FR
2026-05-03,Wind Offshore Generation,9093.35,FR
2026-05-04,Wind Offshore Generation,9950.88,FR
2026-05-05,Wind Offshore Generation,66448.43,FR
2026-05-06,Wind Offshore Generation,39211.26,FR
2026-05-07,Wind Offshore Generation,8319.33,FR
2026-04-28,Wind Offshore Capture,18.75,FR
2026-04-29,Wind Offshore Capture,11.68,FR
2026-04-30,Wind Offshore Capture,12.13,FR
2026-05-01,Wind Offshore Capture,-2.39,FR
2026-05-02,Wind Offshore Capture,9.55,FR
2026-05-03,Wind Offshore Capture,19.66,FR
2026-05-04,Wind Offshore Capture,118.94,FR
2026-05-05,Wind Offshore Capture,94.26,FR
2026-05-06,Wind Offshore Capture,108.87,FR
2026-05-07,Wind Offshore Capture,90.97,FR
2026-04-28,Solar Forecast,128960.53,FR
2026-04-29,Solar Forecast,456022.32,FR
2026-04-30,Solar Forecast,471801.56,FR
2026-05-01,Solar Forecast,452114.04,FR
2026-05-02,Solar Forecast,429056.44,FR
2026-05-03,Solar Forecast,420116.65,FR
2026-05-04,Solar Forecast,357549.11,FR
2026-05-05,Solar Forecast,416920.26,FR
2026-05-06,Solar Forecast,428850.86,FR
2026-05-07,Solar Forecast,546926.58,FR
2026-05-08,Solar Forecast,403231.26,FR
2026-04-28,Wind Onshore Forecast,248456.03,FR
2026-04-29,Wind Onshore Forecast,875768.15,FR
2026-04-30,Wind Onshore Forecast,813504.74,FR
2026-05-01,Wind Onshore Forecast,339139.51,FR
2026-05-02,Wind Onshore Forecast,352021.12,FR
2026-05-03,Wind Onshore Forecast,438425.62,FR
2026-05-04,Wind Onshore Forecast,160806.86,FR
2026-05-05,Wind Onshore Forecast,370809.68,FR
2026-05-06,Wind Onshore Forecast,410521.36,FR
2026-05-07,Wind Onshore Forecast,104900.83,FR
2026-05-08,Wind Onshore Forecast,106583.92,FR
2026-04-28,Wind Offshore Forecast,41803.52,FR
2026-04-29,Wind Offshore Forecast,97510.06,FR
2026-04-30,Wind Offshore Forecast,76201.57,FR
2026-05-01,Wind Offshore Forecast,17578.15,FR
2026-05-02,Wind Offshore Forecast,38757.4,FR
2026-05-03,Wind Offshore Forecast,17273.43,FR
2026-05-04,Wind Offshore Forecast,15972.8,FR
2026-05-05,Wind Offshore Forecast,53563.32,FR
2026-05-06,Wind Offshore Forecast,39851.8,FR
2026-05-07,Wind Offshore Forecast,15319.67,FR
2026-05-08,Wind Offshore Forecast,11394.4,FR
2026-04-28,Baseload,83.23,DK_1
2026-04-29,Baseload,73.58,DK_1
2026-04-30,Baseload,72.95,DK_1
2026-05-01,Baseload,66.2,DK_1
2026-05-02,Baseload,71.98,DK_1
2026-05-03,Baseload,87.98,DK_1
2026-05-04,Baseload,124.1,DK_1
2026-05-05,Baseload,128.2,DK_1
2026-05-06,Baseload,122.44,DK_1
2026-05-07,Baseload,135.85,DK_1
2026-05-08,Baseload,107.65,DK_1
2026-04-28,Solar Generation,25135.16,DK_1
2026-04-29,Solar Generation,83382.34,DK_1
2026-04-30,Solar Generation,70251.22,DK_1
2026-05-01,Solar Generation,62836.03,DK_1
2026-05-02,Solar Generation,52296.96,DK_1
2026-05-03,Solar Generation,47496.86,DK_1
2026-05-04,Solar Generation,92561.32,DK_1
2026-05-05,Solar Generation,88186.97,DK_1
2026-05-06,Solar Generation,99391.88,DK_1
2026-05-07,Solar Generation,80038.1,DK_1
2026-04-28,Solar Capture,34.04,DK_1
2026-04-29,Solar Capture,23.21,DK_1
2026-04-30,Solar Capture,21.6,DK_1
2026-05-01,Solar Capture,14.74,DK_1
2026-05-02,Solar Capture,14.61,DK_1
2026-05-03,Solar Capture,44.95,DK_1
2026-05-04,Solar Capture,98.16,DK_1
2026-05-05,Solar Capture,114.43,DK_1
2026-05-06,Solar Capture,109.5,DK_1
2026-05-07,Solar Capture,116.77,DK_1
2026-04-28,Wind Onshore Generation,13013.44,DK_1
2026-04-29,Wind Onshore Generation,15333.9,DK_1
2026-04-30,Wind Onshore Generation,34963.56,DK_1
2026-05-01,Wind Onshore Generation,38700.66,DK_1
2026-05-02,Wind Onshore Generation,84245.9,DK_1
2026-05-03,Wind Onshore Generation,21411.02,DK_1
2026-05-04,Wind Onshore Generation,96834.23,DK_1
2026-05-05,Wind Onshore Generation,33269.6,DK_1
2026-05-06,Wind Onshore Generation,32064.36,DK_1
2026-05-07,Wind Onshore Generation,6325.4,DK_1
2026-04-28,Wind Onshore Capture,83.6,DK_1
2026-04-29,Wind Onshore Capture,79.28,DK_1
2026-04-30,Wind Onshore Capture,68.76,DK_1
2026-05-01,Wind Onshore Capture,62.94,DK_1
2026-05-02,Wind Onshore Capture,71.09,DK_1
2026-05-03,Wind Onshore Capture,92.82,DK_1
2026-05-04,Wind Onshore Capture,122.09,DK_1
2026-05-05,Wind Onshore Capture,130.26,DK_1
2026-05-06,Wind Onshore Capture,124.62,DK_1
2026-05-07,Wind Onshore Capture,119.0,DK_1
2026-04-28,Wind Offshore Generation,23013.12,DK_1
2026-04-29,Wind Offshore Generation,4804.71,DK_1
2026-04-30,Wind Offshore Generation,9520.4,DK_1
2026-05-01,Wind Offshore Generation,37839.41,DK_1
2026-05-02,Wind Offshore Generation,76904.67,DK_1
2026-05-03,Wind Offshore Generation,11259.0,DK_1
2026-05-04,Wind Offshore Generation,66510.07,DK_1
2026-05-05,Wind Offshore Generation,26841.01,DK_1
2026-05-06,Wind Offshore Generation,49380.46,DK_1
2026-05-07,Wind Offshore Generation,3951.99,DK_1
2026-04-28,Wind Offshore Capture,86.07,DK_1
2026-04-29,Wind Offshore Capture,101.88,DK_1
2026-04-30,Wind Offshore Capture,96.3,DK_1
2026-05-01,Wind Offshore Capture,84.48,DK_1
2026-05-02,Wind Offshore Capture,90.01,DK_1
2026-05-03,Wind Offshore Capture,109.2,DK_1
2026-05-04,Wind Offshore Capture,125.09,DK_1
2026-05-05,Wind Offshore Capture,133.89,DK_1
2026-05-06,Wind Offshore Capture,122.32,DK_1
2026-05-07,Wind Offshore Capture,119.99,DK_1
2026-04-28,Solar Forecast,21119.3,DK_1
2026-04-29,Solar Forecast,64000.23,DK_1
2026-04-30,Solar Forecast,60783.48,DK_1
2026-05-01,Solar Forecast,58275.11,DK_1
2026-05-02,Solar Forecast,53467.77,DK_1
2026-05-03,Solar Forecast,36708.83,DK_1
2026-05-04,Solar Forecast,75252.9,DK_1
2026-05-05,Solar Forecast,73513.75,DK_1
2026-05-06,Solar Forecast,80912.42,DK_1
2026-05-07,Solar Forecast,79221.26,DK_1
2026-04-28,Wind Onshore Forecast,7989.67,DK_1
2026-04-29,Wind Onshore Forecast,14972.33,DK_1
2026-04-30,Wind Onshore Forecast,32065.5,DK_1
2026-05-01,Wind Onshore Forecast,33316.5,DK_1
2026-05-02,Wind Onshore Forecast,66694.83,DK_1
2026-05-03,Wind Onshore Forecast,22160.33,DK_1
2026-05-04,Wind Onshore Forecast,79690.67,DK_1
2026-05-05,Wind Onshore Forecast,36236.0,DK_1
2026-05-06,Wind Onshore Forecast,30868.5,DK_1
2026-05-07,Wind Onshore Forecast,8575.83,DK_1
2026-04-28,Wind Offshore Forecast,13864.17,DK_1
2026-04-29,Wind Offshore Forecast,9742.0,DK_1
2026-04-30,Wind Offshore Forecast,8934.0,DK_1
2026-05-01,Wind Offshore Forecast,38138.17,DK_1
2026-05-02,Wind Offshore Forecast,58280.83,DK_1
2026-05-03,Wind Offshore Forecast,16582.0,DK_1
2026-05-04,Wind Offshore Forecast,42831.5,DK_1
2026-05-05,Wind Offshore Forecast,30252.67,DK_1
2026-05-06,Wind Offshore Forecast,46583.67,DK_1
2026-05-07,Wind Offshore Forecast,0.0,DK_1
2026-04-28,Baseload,103.22,PL
2026-04-29,Baseload,82.11,PL
2026-04-30,Baseload,86.29,PL
2026-05-01,Baseload,12.25,PL
2026-05-02,Baseload,61.43,PL
2026-05-03,Baseload,68.67,PL
2026-05-04,Baseload,117.36,PL
2026-05-05,Baseload,122.77,PL
2026-05-06,Baseload,116.04,PL
2026-05-07,Baseload,135.84,PL
2026-05-08,Baseload,120.73,PL
2026-04-28,Solar Generation,92404.77,PL
2026-04-29,Solar Generation,420391.25,PL
2026-04-30,Solar Generation,431899.32,PL
2026-05-01,Solar Generation,356121.19,PL
2026-05-02,Solar Generation,439354.54,PL
2026-05-03,Solar Generation,376934.31,PL
2026-05-04,Solar Generation,420726.61,PL
2026-05-05,Solar Generation,362698.36,PL
2026-05-06,Solar Generation,348728.02,PL
2026-05-07,Solar Generation,194896.71,PL
2026-04-28,Solar Capture,36.81,PL
2026-04-29,Solar Capture,40.23,PL
2026-04-30,Solar Capture,32.91,PL
2026-05-01,Solar Capture,-128.16,PL
2026-05-02,Solar Capture,-20.25,PL
2026-05-03,Solar Capture,8.61,PL
2026-05-04,Solar Capture,72.15,PL
2026-05-05,Solar Capture,98.12,PL
2026-05-06,Solar Capture,98.06,PL
2026-05-07,Solar Capture,119.39,PL
2026-04-28,Wind Onshore Generation,78808.36,PL
2026-04-29,Wind Onshore Generation,182170.72,PL
2026-04-30,Wind Onshore Generation,79753.58,PL
2026-05-01,Wind Onshore Generation,61955.81,PL
2026-05-02,Wind Onshore Generation,98189.42,PL
2026-05-03,Wind Onshore Generation,281153.91,PL
2026-05-04,Wind Onshore Generation,259039.84,PL
2026-05-05,Wind Onshore Generation,132441.8,PL
2026-05-06,Wind Onshore Generation,234957.74,PL
2026-05-07,Wind Onshore Generation,109917.76,PL
2026-04-28,Wind Onshore Capture,104.37,PL
2026-04-29,Wind Onshore Capture,75.21,PL
2026-04-30,Wind Onshore Capture,83.98,PL
2026-05-01,Wind Onshore Capture,53.62,PL
2026-05-02,Wind Onshore Capture,109.53,PL
2026-05-03,Wind Onshore Capture,95.56,PL
2026-05-04,Wind Onshore Capture,113.32,PL
2026-05-05,Wind Onshore Capture,129.91,PL
2026-05-06,Wind Onshore Capture,113.66,PL
2026-05-07,Wind Onshore Capture,123.73,PL
2026-04-28,Solar Forecast,107293.19,PL
2026-04-29,Solar Forecast,497723.15,PL
2026-04-30,Solar Forecast,482127.12,PL
2026-05-01,Solar Forecast,526536.94,PL
2026-05-02,Solar Forecast,506445.23,PL
2026-05-03,Solar Forecast,458047.05,PL
2026-05-04,Solar Forecast,454073.52,PL
2026-05-05,Solar Forecast,404682.53,PL
2026-05-06,Solar Forecast,371783.07,PL
2026-05-07,Solar Forecast,266782.46,PL
2026-04-28,Wind Onshore Forecast,65415.35,PL
2026-04-29,Wind Onshore Forecast,190685.59,PL
2026-04-30,Wind Onshore Forecast,79043.85,PL
2026-05-01,Wind Onshore Forecast,69897.45,PL
2026-05-02,Wind Onshore Forecast,112831.56,PL
2026-05-03,Wind Onshore Forecast,319183.63,PL
2026-05-04,Wind Onshore Forecast,278046.99,PL
2026-05-05,Wind Onshore Forecast,106435.22,PL
2026-05-06,Wind Onshore Forecast,304784.93,PL
2026-05-07,Wind Onshore Forecast,188376.09,PL
2026-04-28,Baseload,70.45,NL
2026-04-29,Baseload,60.12,NL
2026-04-30,Baseload,66.67,NL
2026-05-01,Baseload,1.24,NL
2026-05-02,Baseload,76.82,NL
2026-05-03,Baseload,89.82,NL
2026-05-04,Baseload,127.62,NL
2026-05-05,Baseload,123.01,NL
2026-05-06,Baseload,121.78,NL
2026-05-07,Baseload,130.51,NL
2026-05-08,Baseload,102.54,NL
2026-04-28,Solar Generation,994.66,NL
2026-04-29,Solar Generation,1874.87,NL
2026-04-30,Solar Generation,2472.48,NL
2026-05-01,Solar Generation,4080.77,NL
2026-05-02,Solar Generation,2490.05,NL
2026-05-03,Solar Generation,3926.9,NL
2026-05-04,Solar Generation,3124.31,NL
2026-05-05,Solar Generation,2432.12,NL
2026-05-06,Solar Generation,2002.32,NL
2026-05-07,Solar Generation,5963.67,NL
2026-04-28,Solar Capture,56.29,NL
2026-04-29,Solar Capture,60.34,NL
2026-04-30,Solar Capture,51.86,NL
2026-05-01,Solar Capture,-68.34,NL
2026-05-02,Solar Capture,55.93,NL
2026-05-03,Solar Capture,42.17,NL
2026-05-04,Solar Capture,106.28,NL
2026-05-05,Solar Capture,110.24,NL
2026-05-06,Solar Capture,115.77,NL
2026-05-07,Solar Capture,106.14,NL
2026-04-28,Wind Onshore Generation,23221.85,NL
2026-04-29,Wind Onshore Generation,49258.2,NL
2026-04-30,Wind Onshore Generation,48207.2,NL
2026-05-01,Wind Onshore Generation,26915.24,NL
2026-05-02,Wind Onshore Generation,12141.96,NL
2026-05-03,Wind Onshore Generation,8193.66,NL
2026-05-04,Wind Onshore Generation,6721.53,NL
2026-05-05,Wind Onshore Generation,23070.01,NL
2026-05-06,Wind Onshore Generation,39619.93,NL
2026-05-07,Wind Onshore Generation,9638.56,NL
2026-04-28,Wind Onshore Capture,80.34,NL
2026-04-29,Wind Onshore Capture,77.8,NL
2026-04-30,Wind Onshore Capture,78.37,NL
2026-05-01,Wind Onshore Capture,62.95,NL
2026-05-02,Wind Onshore Capture,97.27,NL
2026-05-03,Wind Onshore Capture,90.75,NL
2026-05-04,Wind Onshore Capture,147.6,NL
2026-05-05,Wind Onshore Capture,122.92,NL
2026-05-06,Wind Onshore Capture,121.29,NL
2026-05-07,Wind Onshore Capture,117.82,NL
2026-04-28,Wind Offshore Generation,134834.96,NL
2026-04-29,Wind Offshore Generation,298114.76,NL
2026-04-30,Wind Offshore Generation,297728.69,NL
2026-05-01,Wind Offshore Generation,144571.81,NL
2026-05-02,Wind Offshore Generation,47815.15,NL
2026-05-03,Wind Offshore Generation,57456.88,NL
2026-05-04,Wind Offshore Generation,47286.21,NL
2026-05-05,Wind Offshore Generation,166360.13,NL
2026-05-06,Wind Offshore Generation,219342.12,NL
2026-05-07,Wind Offshore Generation,61875.86,NL
2026-04-28,Wind Offshore Capture,79.31,NL
2026-04-29,Wind Offshore Capture,82.25,NL
2026-04-30,Wind Offshore Capture,84.68,NL
2026-05-01,Wind Offshore Capture,69.21,NL
2026-05-02,Wind Offshore Capture,72.7,NL
2026-05-03,Wind Offshore Capture,90.8,NL
2026-05-04,Wind Offshore Capture,147.92,NL
2026-05-05,Wind Offshore Capture,122.06,NL
2026-05-06,Wind Offshore Capture,122.06,NL
2026-05-07,Wind Offshore Capture,118.61,NL
2026-04-28,Solar Forecast,54727.0,NL
2026-04-29,Solar Forecast,161065.0,NL
2026-04-30,Solar Forecast,162183.0,NL
2026-05-01,Solar Forecast,162467.0,NL
2026-05-02,Solar Forecast,124397.0,NL
2026-05-03,Solar Forecast,66394.0,NL
2026-05-04,Solar Forecast,119272.0,NL
2026-05-05,Solar Forecast,75624.0,NL
2026-05-06,Solar Forecast,75691.0,NL
2026-05-07,Solar Forecast,123442.0,NL
2026-05-08,Solar Forecast,75718.0,NL
2026-04-28,Wind Onshore Forecast,83063.0,NL
2026-04-29,Wind Onshore Forecast,199167.0,NL
2026-04-30,Wind Onshore Forecast,182303.0,NL
2026-05-01,Wind Onshore Forecast,139832.0,NL
2026-05-02,Wind Onshore Forecast,69602.0,NL
2026-05-03,Wind Onshore Forecast,45422.0,NL
2026-05-04,Wind Onshore Forecast,36831.0,NL
2026-05-05,Wind Onshore Forecast,95443.0,NL
2026-05-06,Wind Onshore Forecast,110332.0,NL
2026-05-07,Wind Onshore Forecast,39441.0,NL
2026-05-08,Wind Onshore Forecast,24853.0,NL
2026-04-28,Wind Offshore Forecast,37980.0,NL
2026-04-29,Wind Offshore Forecast,89089.0,NL
2026-04-30,Wind Offshore Forecast,90605.0,NL
2026-05-01,Wind Offshore Forecast,55088.0,NL
2026-05-02,Wind Offshore Forecast,24765.0,NL
2026-05-03,Wind Offshore Forecast,17142.0,NL
2026-05-04,Wind Offshore Forecast,19313.0,NL
2026-05-05,Wind Offshore Forecast,50843.0,NL
2026-05-06,Wind Offshore Forecast,54172.0,NL
2026-05-07,Wind Offshore Forecast,13869.0,NL
2026-05-08,Wind Offshore Forecast,7471.0,NL
2026-04-28,Baseload,68.47,EE
2026-04-29,Baseload,84.24,EE
2026-04-30,Baseload,79.32,EE
2026-05-01,Baseload,14.19,EE
2026-05-02,Baseload,5.48,EE
2026-05-03,Baseload,49.76,EE
2026-05-04,Baseload,82.63,EE
2026-05-05,Baseload,60.44,EE
2026-05-06,Baseload,100.84,EE
2026-05-07,Baseload,133.07,EE
2026-05-08,Baseload,101.56,EE
2026-04-28,Solar Generation,629.28,EE
2026-04-29,Solar Generation,22306.01,EE
2026-04-30,Solar Generation,11366.72,EE
2026-05-01,Solar Generation,21894.93,EE
2026-05-02,Solar Generation,23708.2,EE
2026-05-03,Solar Generation,20413.11,EE
2026-05-04,Solar Generation,13697.88,EE
2026-05-05,Solar Generation,28993.39,EE
2026-05-06,Solar Generation,27202.3,EE
2026-05-07,Solar Generation,18921.1,EE
2026-04-28,Solar Capture,29.83,EE
2026-04-29,Solar Capture,46.03,EE
2026-04-30,Solar Capture,59.77,EE
2026-05-01,Solar Capture,5.7,EE
2026-05-02,Solar Capture,2.56,EE
2026-05-03,Solar Capture,37.71,EE
2026-05-04,Solar Capture,71.03,EE
2026-05-05,Solar Capture,44.81,EE
2026-05-06,Solar Capture,93.37,EE
2026-05-07,Solar Capture,120.65,EE
2026-04-28,Wind Onshore Generation,5259.6,EE
2026-04-29,Wind Onshore Generation,15051.1,EE
2026-04-30,Wind Onshore Generation,8813.3,EE
2026-05-01,Wind Onshore Generation,5582.7,EE
2026-05-02,Wind Onshore Generation,17367.5,EE
2026-05-03,Wind Onshore Generation,10608.4,EE
2026-05-04,Wind Onshore Generation,8106.8,EE
2026-05-05,Wind Onshore Generation,16412.8,EE
2026-05-06,Wind Onshore Generation,5897.1,EE
2026-05-07,Wind Onshore Generation,5454.7,EE
2026-04-28,Wind Onshore Capture,55.86,EE
2026-04-29,Wind Onshore Capture,91.02,EE
2026-04-30,Wind Onshore Capture,81.2,EE
2026-05-01,Wind Onshore Capture,17.4,EE
2026-05-02,Wind Onshore Capture,7.88,EE
2026-05-03,Wind Onshore Capture,24.45,EE
2026-05-04,Wind Onshore Capture,58.66,EE
2026-05-05,Wind Onshore Capture,54.23,EE
2026-05-06,Wind Onshore Capture,104.88,EE
2026-05-07,Wind Onshore Capture,117.18,EE
2026-04-28,Solar Forecast,659.02,EE
2026-04-29,Solar Forecast,4657.8,EE
2026-04-30,Solar Forecast,1969.0,EE
2026-05-01,Solar Forecast,5084.1,EE
2026-05-02,Solar Forecast,5243.42,EE
2026-05-03,Solar Forecast,4156.2,EE
2026-05-04,Solar Forecast,2698.45,EE
2026-05-05,Solar Forecast,4804.35,EE
2026-05-06,Solar Forecast,4946.48,EE
2026-05-07,Solar Forecast,3595.82,EE
2026-05-08,Solar Forecast,5363.35,EE
2026-04-28,Wind Onshore Forecast,1553.15,EE
2026-04-29,Wind Onshore Forecast,5487.98,EE
2026-04-30,Wind Onshore Forecast,2585.62,EE
2026-05-01,Wind Onshore Forecast,2298.32,EE
2026-05-02,Wind Onshore Forecast,4463.02,EE
2026-05-03,Wind Onshore Forecast,3824.8,EE
2026-05-04,Wind Onshore Forecast,3317.7,EE
2026-05-05,Wind Onshore Forecast,5975.58,EE
2026-05-06,Wind Onshore Forecast,3175.8,EE
2026-05-07,Wind Onshore Forecast,3944.7,EE
2026-05-08,Wind Onshore Forecast,2689.98,EE
2026-04-28,Baseload,83.15,DK_2
2026-04-29,Baseload,83.44,DK_2
2026-04-30,Baseload,76.65,DK_2
2026-05-01,Baseload,66.35,DK_2
2026-05-02,Baseload,68.54,DK_2
2026-05-03,Baseload,85.57,DK_2
2026-05-04,Baseload,125.54,DK_2
2026-05-05,Baseload,128.86,DK_2
2026-05-06,Baseload,121.49,DK_2
2026-05-07,Baseload,136.28,DK_2
2026-05-08,Baseload,107.69,DK_2
2026-04-28,Solar Generation,9776.89,DK_2
2026-04-29,Solar Generation,34234.16,DK_2
2026-04-30,Solar Generation,38714.2,DK_2
2026-05-01,Solar Generation,34826.24,DK_2
2026-05-02,Solar Generation,31915.99,DK_2
2026-05-03,Solar Generation,25426.67,DK_2
2026-05-04,Solar Generation,31345.88,DK_2
2026-05-05,Solar Generation,34508.78,DK_2
2026-05-06,Solar Generation,32574.7,DK_2
2026-05-07,Solar Generation,29111.45,DK_2
2026-04-28,Solar Capture,32.86,DK_2
2026-04-29,Solar Capture,40.06,DK_2
2026-04-30,Solar Capture,22.2,DK_2
2026-05-01,Solar Capture,10.32,DK_2
2026-05-02,Solar Capture,11.45,DK_2
2026-05-03,Solar Capture,40.78,DK_2
2026-05-04,Solar Capture,94.42,DK_2
2026-05-05,Solar Capture,114.2,DK_2
2026-05-06,Solar Capture,107.73,DK_2
2026-05-07,Solar Capture,118.37,DK_2
2026-04-28,Wind Onshore Generation,5144.24,DK_2
2026-04-29,Wind Onshore Generation,2218.11,DK_2
2026-04-30,Wind Onshore Generation,4122.58,DK_2
2026-05-01,Wind Onshore Generation,2441.66,DK_2
2026-05-02,Wind Onshore Generation,9731.42,DK_2
2026-05-03,Wind Onshore Generation,2306.66,DK_2
2026-05-04,Wind Onshore Generation,14254.83,DK_2
2026-05-05,Wind Onshore Generation,4059.31,DK_2
2026-05-06,Wind Onshore Generation,10659.26,DK_2
2026-05-07,Wind Onshore Generation,1168.97,DK_2
2026-04-28,Wind Onshore Capture,67.81,DK_2
2026-04-29,Wind Onshore Capture,84.57,DK_2
2026-04-30,Wind Onshore Capture,54.13,DK_2
2026-05-01,Wind Onshore Capture,95.13,DK_2
2026-05-02,Wind Onshore Capture,66.78,DK_2
2026-05-03,Wind Onshore Capture,110.33,DK_2
2026-05-04,Wind Onshore Capture,116.97,DK_2
2026-05-05,Wind Onshore Capture,132.32,DK_2
2026-05-06,Wind Onshore Capture,119.5,DK_2
2026-05-07,Wind Onshore Capture,122.27,DK_2
2026-04-28,Wind Offshore Generation,9727.34,DK_2
2026-04-29,Wind Offshore Generation,5245.24,DK_2
2026-04-30,Wind Offshore Generation,12509.9,DK_2
2026-05-01,Wind Offshore Generation,4215.41,DK_2
2026-05-02,Wind Offshore Generation,19171.0,DK_2
2026-05-03,Wind Offshore Generation,8143.12,DK_2
2026-05-04,Wind Offshore Generation,39972.81,DK_2
2026-05-05,Wind Offshore Generation,10583.45,DK_2
2026-05-06,Wind Offshore Generation,36557.86,DK_2
2026-05-07,Wind Offshore Generation,4901.02,DK_2
2026-04-28,Wind Offshore Capture,89.53,DK_2
2026-04-29,Wind Offshore Capture,107.5,DK_2
2026-04-30,Wind Offshore Capture,88.53,DK_2
2026-05-01,Wind Offshore Capture,107.07,DK_2
2026-05-02,Wind Offshore Capture,74.23,DK_2
2026-05-03,Wind Offshore Capture,121.41,DK_2
2026-05-04,Wind Offshore Capture,120.99,DK_2
2026-05-05,Wind Offshore Capture,139.94,DK_2
2026-05-06,Wind Offshore Capture,120.7,DK_2
2026-05-07,Wind Offshore Capture,130.8,DK_2
2026-04-28,Solar Forecast,7849.66,DK_2
2026-04-29,Solar Forecast,31454.57,DK_2
2026-04-30,Solar Forecast,31603.93,DK_2
2026-05-01,Solar Forecast,29856.82,DK_2
2026-05-02,Solar Forecast,29455.57,DK_2
2026-05-03,Solar Forecast,22743.91,DK_2
2026-05-04,Solar Forecast,26423.68,DK_2
2026-05-05,Solar Forecast,28691.59,DK_2
2026-05-06,Solar Forecast,25426.91,DK_2
2026-05-07,Solar Forecast,30280.34,DK_2
2026-04-28,Wind Onshore Forecast,3781.5,DK_2
2026-04-29,Wind Onshore Forecast,2564.83,DK_2
2026-04-30,Wind Onshore Forecast,4198.67,DK_2
2026-05-01,Wind Onshore Forecast,3032.0,DK_2
2026-05-02,Wind Onshore Forecast,10836.33,DK_2
2026-05-03,Wind Onshore Forecast,2515.83,DK_2
2026-05-04,Wind Onshore Forecast,8524.0,DK_2
2026-05-05,Wind Onshore Forecast,4248.33,DK_2
2026-05-06,Wind Onshore Forecast,8439.33,DK_2
2026-05-07,Wind Onshore Forecast,2796.83,DK_2
2026-04-28,Wind Offshore Forecast,10774.33,DK_2
2026-04-29,Wind Offshore Forecast,6608.33,DK_2
2026-04-30,Wind Offshore Forecast,18609.83,DK_2
2026-05-01,Wind Offshore Forecast,9702.0,DK_2
2026-05-02,Wind Offshore Forecast,35583.17,DK_2
2026-05-03,Wind Offshore Forecast,14081.33,DK_2
2026-05-04,Wind Offshore Forecast,32363.67,DK_2
2026-05-05,Wind Offshore Forecast,10948.17,DK_2
2026-05-06,Wind Offshore Forecast,33354.83,DK_2
2026-05-07,Wind Offshore Forecast,0.0,DK_2
2026-04-28,Baseload,82.17,LV
2026-04-29,Baseload,84.65,LV
2026-04-30,Baseload,86.36,LV
2026-05-01,Baseload,13.94,LV
2026-05-02,Baseload,5.07,LV
2026-05-03,Baseload,44.0,LV
2026-05-04,Baseload,93.96,LV
2026-05-05,Baseload,91.78,LV
2026-05-06,Baseload,114.47,LV
2026-05-07,Baseload,133.1,LV
2026-05-08,Baseload,96.77,LV
2026-04-28,Solar Generation,631.0,LV
2026-04-29,Solar Generation,8619.0,LV
2026-04-30,Solar Generation,4541.0,LV
2026-05-01,Solar Generation,5784.0,LV
2026-05-02,Solar Generation,4842.0,LV
2026-05-03,Solar Generation,7400.0,LV
2026-05-04,Solar Generation,6962.0,LV
2026-05-05,Solar Generation,10598.0,LV
2026-05-06,Solar Generation,7883.0,LV
2026-05-07,Solar Generation,4619.0,LV
2026-05-08,Solar Generation,0.0,LV
2026-04-28,Solar Capture,10.78,LV
2026-04-29,Solar Capture,61.96,LV
2026-04-30,Solar Capture,69.51,LV
2026-05-01,Solar Capture,7.14,LV
2026-05-02,Solar Capture,1.81,LV
2026-05-03,Solar Capture,16.59,LV
2026-05-04,Solar Capture,76.4,LV
2026-05-05,Solar Capture,72.16,LV
2026-05-06,Solar Capture,107.51,LV
2026-05-07,Solar Capture,129.31,LV
2026-04-28,Wind Onshore Generation,759.0,LV
2026-04-29,Wind Onshore Generation,1046.0,LV
2026-04-30,Wind Onshore Generation,774.0,LV
2026-05-01,Wind Onshore Generation,770.0,LV
2026-05-02,Wind Onshore Generation,1593.0,LV
2026-05-03,Wind Onshore Generation,1784.0,LV
2026-05-04,Wind Onshore Generation,1712.0,LV
2026-05-05,Wind Onshore Generation,854.0,LV
2026-05-06,Wind Onshore Generation,803.0,LV
2026-05-07,Wind Onshore Generation,948.0,LV
2026-05-08,Wind Onshore Generation,0.0,LV
2026-04-28,Wind Onshore Capture,70.69,LV
2026-04-29,Wind Onshore Capture,85.9,LV
2026-04-30,Wind Onshore Capture,108.05,LV
2026-05-01,Wind Onshore Capture,25.5,LV
2026-05-02,Wind Onshore Capture,6.63,LV
2026-05-03,Wind Onshore Capture,28.24,LV
2026-05-04,Wind Onshore Capture,81.8,LV
2026-05-05,Wind Onshore Capture,80.55,LV
2026-05-06,Wind Onshore Capture,111.87,LV
2026-05-07,Wind Onshore Capture,125.23,LV
2026-04-28,Solar Forecast,5191.4,LV
2026-04-29,Solar Forecast,37070.5,LV
2026-04-30,Solar Forecast,18111.1,LV
2026-05-01,Solar Forecast,22442.7,LV
2026-05-02,Solar Forecast,19346.9,LV
2026-05-03,Solar Forecast,29852.1,LV
2026-05-04,Solar Forecast,28309.8,LV
2026-05-05,Solar Forecast,41915.4,LV
2026-05-06,Solar Forecast,32008.2,LV
2026-05-07,Solar Forecast,20788.8,LV
2026-05-08,Solar Forecast,34965.5,LV
2026-04-28,Wind Onshore Forecast,3839.8,LV
2026-04-29,Wind Onshore Forecast,5822.1,LV
2026-04-30,Wind Onshore Forecast,3643.6,LV
2026-05-01,Wind Onshore Forecast,2420.3,LV
2026-05-02,Wind Onshore Forecast,5019.3,LV
2026-05-03,Wind Onshore Forecast,5421.9,LV
2026-05-04,Wind Onshore Forecast,5722.3,LV
2026-05-05,Wind Onshore Forecast,2355.3,LV
2026-05-06,Wind Onshore Forecast,2446.8,LV
2026-05-07,Wind Onshore Forecast,5554.5,LV
2026-05-08,Wind Onshore Forecast,3014.8,LV
2026-04-28,Baseload,33.76,FI
2026-04-29,Baseload,65.52,FI
2026-04-30,Baseload,56.52,FI
2026-05-01,Baseload,11.53,FI
2026-05-02,Baseload,5.48,FI
2026-05-03,Baseload,45.73,FI
2026-05-04,Baseload,53.37,FI
2026-05-05,Baseload,44.33,FI
2026-05-06,Baseload,90.98,FI
2026-05-07,Baseload,133.07,FI
2026-05-08,Baseload,106.88,FI
2026-04-28,Solar Generation,4549.86,FI
2026-04-29,Solar Generation,36699.43,FI
2026-04-30,Solar Generation,26157.15,FI
2026-05-01,Solar Generation,37391.02,FI
2026-05-02,Solar Generation,36179.36,FI
2026-05-03,Solar Generation,32346.16,FI
2026-05-04,Solar Generation,22541.48,FI
2026-05-05,Solar Generation,30643.38,FI
2026-05-06,Solar Generation,36883.62,FI
2026-05-07,Solar Generation,35729.62,FI
2026-04-28,Solar Capture,10.9,FI
2026-04-29,Solar Capture,45.4,FI
2026-04-30,Solar Capture,41.86,FI
2026-05-01,Solar Capture,4.94,FI
2026-05-02,Solar Capture,1.87,FI
2026-05-03,Solar Capture,34.5,FI
2026-05-04,Solar Capture,62.39,FI
2026-05-05,Solar Capture,40.69,FI
2026-05-06,Solar Capture,92.37,FI
2026-05-07,Solar Capture,121.65,FI
2026-04-28,Wind Onshore Generation,141099.7,FI
2026-04-29,Wind Onshore Generation,179227.11,FI
2026-04-30,Wind Onshore Generation,142677.25,FI
2026-05-01,Wind Onshore Generation,235198.9,FI
2026-05-02,Wind Onshore Generation,200017.7,FI
2026-05-03,Wind Onshore Generation,148394.12,FI
2026-05-04,Wind Onshore Generation,103127.48,FI
2026-05-05,Wind Onshore Generation,306235.3,FI
2026-05-06,Wind Onshore Generation,263666.45,FI
2026-05-07,Wind Onshore Generation,104089.1,FI
2026-04-28,Wind Onshore Capture,29.11,FI
2026-04-29,Wind Onshore Capture,61.22,FI
2026-04-30,Wind Onshore Capture,54.51,FI
2026-05-01,Wind Onshore Capture,11.3,FI
2026-05-02,Wind Onshore Capture,5.47,FI
2026-05-03,Wind Onshore Capture,37.56,FI
2026-05-04,Wind Onshore Capture,51.85,FI
2026-05-05,Wind Onshore Capture,44.18,FI
2026-05-06,Wind Onshore Capture,75.13,FI
2026-05-07,Wind Onshore Capture,118.59,FI
2026-04-28,Solar Forecast,5156.5,FI
2026-04-29,Solar Forecast,35548.4,FI
2026-04-30,Solar Forecast,24909.2,FI
2026-05-01,Solar Forecast,40015.2,FI
2026-05-02,Solar Forecast,38915.4,FI
2026-05-03,Solar Forecast,31453.0,FI
2026-05-04,Solar Forecast,19644.3,FI
2026-05-05,Solar Forecast,32303.7,FI
2026-05-06,Solar Forecast,39271.9,FI
2026-05-07,Solar Forecast,40827.1,FI
2026-05-08,Solar Forecast,34935.4,FI
2026-04-28,Wind Onshore Forecast,137029.3,FI
2026-04-29,Wind Onshore Forecast,154698.6,FI
2026-04-30,Wind Onshore Forecast,161867.0,FI
2026-05-01,Wind Onshore Forecast,243452.9,FI
2026-05-02,Wind Onshore Forecast,282476.5,FI
2026-05-03,Wind Onshore Forecast,147619.5,FI
2026-05-04,Wind Onshore Forecast,128582.3,FI
2026-05-05,Wind Onshore Forecast,301058.9,FI
2026-05-06,Wind Onshore Forecast,247576.9,FI
2026-05-07,Wind Onshore Forecast,129703.0,FI
2026-05-08,Wind Onshore Forecast,56329.2,FI
2026-04-28,Baseload,82.17,LT
2026-04-29,Baseload,84.92,LT
2026-04-30,Baseload,86.36,LT
2026-05-01,Baseload,13.94,LT
2026-05-02,Baseload,4.61,LT
2026-05-03,Baseload,44.0,LT
2026-05-04,Baseload,93.96,LT
2026-05-05,Baseload,92.41,LT
2026-05-06,Baseload,115.07,LT
2026-05-07,Baseload,133.1,LT
2026-05-08,Baseload,96.77,LT
2026-04-28,Solar Generation,4450.31,LT
2026-04-29,Solar Generation,25609.98,LT
2026-04-30,Solar Generation,18619.51,LT
2026-05-01,Solar Generation,32297.5,LT
2026-05-02,Solar Generation,35471.95,LT
2026-05-03,Solar Generation,35334.44,LT
2026-05-04,Solar Generation,44465.44,LT
2026-05-05,Solar Generation,49092.77,LT
2026-05-06,Solar Generation,29054.73,LT
2026-05-07,Solar Generation,19414.97,LT
2026-04-28,Solar Capture,19.6,LT
2026-04-29,Solar Capture,50.59,LT
2026-04-30,Solar Capture,53.05,LT
2026-05-01,Solar Capture,3.9,LT
2026-05-02,Solar Capture,-0.2,LT
2026-05-03,Solar Capture,18.96,LT
2026-05-04,Solar Capture,62.06,LT
2026-05-05,Solar Capture,62.33,LT
2026-05-06,Solar Capture,97.76,LT
2026-05-07,Solar Capture,121.21,LT
2026-04-28,Wind Onshore Generation,31009.46,LT
2026-04-29,Wind Onshore Generation,40439.77,LT
2026-04-30,Wind Onshore Generation,25180.48,LT
2026-05-01,Wind Onshore Generation,29875.14,LT
2026-05-02,Wind Onshore Generation,37666.6,LT
2026-05-03,Wind Onshore Generation,64870.7,LT
2026-05-04,Wind Onshore Generation,77780.65,LT
2026-05-05,Wind Onshore Generation,34475.11,LT
2026-05-06,Wind Onshore Generation,87207.43,LT
2026-05-07,Wind Onshore Generation,33139.32,LT
2026-04-28,Wind Onshore Capture,81.75,LT
2026-04-29,Wind Onshore Capture,98.54,LT
2026-04-30,Wind Onshore Capture,78.67,LT
2026-05-01,Wind Onshore Capture,16.46,LT
2026-05-02,Wind Onshore Capture,5.62,LT
2026-05-03,Wind Onshore Capture,31.67,LT
2026-05-04,Wind Onshore Capture,83.03,LT
2026-05-05,Wind Onshore Capture,88.13,LT
2026-05-06,Wind Onshore Capture,118.03,LT
2026-05-07,Wind Onshore Capture,121.48,LT
2026-04-28,Solar Forecast,7026.26,LT
2026-04-29,Solar Forecast,40398.33,LT
2026-04-30,Solar Forecast,23540.9,LT
2026-05-01,Solar Forecast,44122.76,LT
2026-05-02,Solar Forecast,56231.17,LT
2026-05-03,Solar Forecast,50516.77,LT
2026-05-04,Solar Forecast,44093.55,LT
2026-05-05,Solar Forecast,43814.12,LT
2026-05-06,Solar Forecast,26681.37,LT
2026-05-07,Solar Forecast,21891.69,LT
2026-05-08,Solar Forecast,27249.64,LT
2026-04-28,Wind Onshore Forecast,39634.83,LT
2026-04-29,Wind Onshore Forecast,54826.13,LT
2026-04-30,Wind Onshore Forecast,38356.94,LT
2026-05-01,Wind Onshore Forecast,31710.48,LT
2026-05-02,Wind Onshore Forecast,50847.5,LT
2026-05-03,Wind Onshore Forecast,74205.26,LT
2026-05-04,Wind Onshore Forecast,87819.11,LT
2026-05-05,Wind Onshore Forecast,31608.74,LT
2026-05-06,Wind Onshore Forecast,73633.18,LT
2026-05-07,Wind Onshore Forecast,52824.83,LT
2026-05-08,Wind Onshore Forecast,69236.6,LT
2026-04-28,Baseload,90.45,NO_1
2026-04-29,Baseload,79.93,NO_1
2026-04-30,Baseload,82.82,NO_1
2026-05-01,Baseload,74.1,NO_1
2026-05-02,Baseload,78.37,NO_1
2026-05-03,Baseload,89.2,NO_1
2026-05-04,Baseload,111.18,NO_1
2026-05-05,Baseload,122.77,NO_1
2026-05-06,Baseload,121.43,NO_1
2026-05-07,Baseload,133.31,NO_1
2026-05-08,Baseload,111.54,NO_1
2026-04-28,Solar Generation,37.6,NO_1
2026-04-29,Solar Generation,162.76,NO_1
2026-04-30,Solar Generation,218.17,NO_1
2026-05-01,Solar Generation,155.89,NO_1
2026-05-02,Solar Generation,172.93,NO_1
2026-05-03,Solar Generation,187.05,NO_1
2026-05-04,Solar Generation,198.77,NO_1
2026-05-05,Solar Generation,141.85,NO_1
2026-05-06,Solar Generation,169.85,NO_1
2026-05-07,Solar Generation,151.69,NO_1
2026-04-28,Solar Capture,60.23,NO_1
2026-04-29,Solar Capture,48.99,NO_1
2026-04-30,Solar Capture,59.58,NO_1
2026-05-01,Solar Capture,44.58,NO_1
2026-05-02,Solar Capture,47.18,NO_1
2026-05-03,Solar Capture,63.89,NO_1
2026-05-04,Solar Capture,102.96,NO_1
2026-05-05,Solar Capture,111.92,NO_1
2026-05-06,Solar Capture,111.71,NO_1
2026-05-07,Solar Capture,115.85,NO_1
2026-04-28,Wind Onshore Generation,1831.55,NO_1
2026-04-29,Wind Onshore Generation,3944.31,NO_1
2026-04-30,Wind Onshore Generation,5557.01,NO_1
2026-05-01,Wind Onshore Generation,18308.81,NO_1
2026-05-02,Wind Onshore Generation,19279.92,NO_1
2026-05-03,Wind Onshore Generation,10901.82,NO_1
2026-05-04,Wind Onshore Generation,18685.47,NO_1
2026-05-05,Wind Onshore Generation,8686.09,NO_1
2026-05-06,Wind Onshore Generation,2783.88,NO_1
2026-05-07,Wind Onshore Generation,2580.97,NO_1
2026-04-28,Wind Onshore Capture,94.58,NO_1
2026-04-29,Wind Onshore Capture,81.21,NO_1
2026-04-30,Wind Onshore Capture,94.69,NO_1
2026-05-01,Wind Onshore Capture,77.65,NO_1
2026-05-02,Wind Onshore Capture,82.35,NO_1
2026-05-03,Wind Onshore Capture,103.23,NO_1
2026-05-04,Wind Onshore Capture,110.13,NO_1
2026-05-05,Wind Onshore Capture,120.5,NO_1
2026-05-06,Wind Onshore Capture,126.22,NO_1
2026-05-07,Wind Onshore Capture,121.52,NO_1
2026-04-28,Solar Forecast,0.0,NO_1
2026-04-29,Solar Forecast,0.0,NO_1
2026-04-30,Solar Forecast,0.0,NO_1
2026-05-01,Solar Forecast,0.0,NO_1
2026-05-02,Solar Forecast,0.0,NO_1
2026-05-03,Solar Forecast,0.0,NO_1
2026-05-04,Solar Forecast,0.0,NO_1
2026-05-05,Solar Forecast,0.0,NO_1
2026-05-06,Solar Forecast,0.0,NO_1
2026-05-07,Solar Forecast,0.0,NO_1
2026-05-08,Solar Forecast,0.0,NO_1
2026-04-28,Wind Onshore Forecast,2296.88,NO_1
2026-04-29,Wind Onshore Forecast,3452.64,NO_1
2026-04-30,Wind Onshore Forecast,3392.94,NO_1
2026-05-01,Wind Onshore Forecast,18572.73,NO_1
2026-05-02,Wind Onshore Forecast,20340.94,NO_1
2026-05-03,Wind Onshore Forecast,10282.3,NO_1
2026-05-04,Wind Onshore Forecast,16796.6,NO_1
2026-05-05,Wind Onshore Forecast,10709.43,NO_1
2026-05-06,Wind Onshore Forecast,2360.64,NO_1
2026-05-07,Wind Onshore Forecast,1746.15,NO_1
2026-05-08,Wind Onshore Forecast,0.0,NO_1
2026-04-28,Baseload,88.83,NO_2
2026-04-29,Baseload,80.62,NO_2
2026-04-30,Baseload,76.59,NO_2
2026-05-01,Baseload,72.65,NO_2
2026-05-02,Baseload,78.78,NO_2
2026-05-03,Baseload,91.3,NO_2
2026-05-04,Baseload,111.28,NO_2
2026-05-05,Baseload,122.5,NO_2
2026-05-06,Baseload,120.73,NO_2
2026-05-07,Baseload,133.04,NO_2
2026-05-08,Baseload,112.26,NO_2
2026-04-28,Wind Onshore Generation,5403.91,NO_2
2026-04-29,Wind Onshore Generation,5618.16,NO_2
2026-04-30,Wind Onshore Generation,5469.87,NO_2
2026-05-01,Wind Onshore Generation,30577.74,NO_2
2026-05-02,Wind Onshore Generation,10282.73,NO_2
2026-05-03,Wind Onshore Generation,16986.32,NO_2
2026-05-04,Wind Onshore Generation,45872.34,NO_2
2026-05-05,Wind Onshore Generation,20173.47,NO_2
2026-05-06,Wind Onshore Generation,21382.74,NO_2
2026-05-07,Wind Onshore Generation,6479.52,NO_2
2026-04-28,Wind Onshore Capture,94.95,NO_2
2026-04-29,Wind Onshore Capture,86.76,NO_2
2026-04-30,Wind Onshore Capture,75.29,NO_2
2026-05-01,Wind Onshore Capture,66.41,NO_2
2026-05-02,Wind Onshore Capture,92.47,NO_2
2026-05-03,Wind Onshore Capture,99.04,NO_2
2026-05-04,Wind Onshore Capture,112.27,NO_2
2026-05-05,Wind Onshore Capture,121.55,NO_2
2026-05-06,Wind Onshore Capture,123.39,NO_2
2026-05-07,Wind Onshore Capture,118.06,NO_2
2026-04-28,Wind Offshore Generation,76.77,NO_2
2026-04-29,Wind Offshore Generation,232.82,NO_2
2026-04-30,Wind Offshore Generation,35.6,NO_2
2026-05-01,Wind Offshore Generation,325.59,NO_2
2026-05-02,Wind Offshore Generation,181.2,NO_2
2026-05-03,Wind Offshore Generation,372.01,NO_2
2026-05-04,Wind Offshore Generation,179.61,NO_2
2026-05-05,Wind Offshore Generation,117.21,NO_2
2026-05-06,Wind Offshore Generation,74.4,NO_2
2026-05-07,Wind Offshore Generation,22.0,NO_2
2026-04-28,Wind Offshore Capture,94.51,NO_2
2026-04-29,Wind Offshore Capture,83.03,NO_2
2026-04-30,Wind Offshore Capture,98.92,NO_2
2026-05-01,Wind Offshore Capture,68.33,NO_2
2026-05-02,Wind Offshore Capture,98.19,NO_2
2026-05-03,Wind Offshore Capture,90.86,NO_2
2026-05-04,Wind Offshore Capture,111.76,NO_2
2026-05-05,Wind Offshore Capture,122.66,NO_2
2026-05-06,Wind Offshore Capture,125.26,NO_2
2026-05-07,Wind Offshore Capture,119.7,NO_2
2026-04-28,Solar Forecast,0.0,NO_2
2026-04-29,Solar Forecast,0.0,NO_2
2026-04-30,Solar Forecast,0.0,NO_2
2026-05-01,Solar Forecast,0.0,NO_2
2026-05-02,Solar Forecast,0.0,NO_2
2026-05-03,Solar Forecast,0.0,NO_2
2026-05-04,Solar Forecast,0.0,NO_2
2026-05-05,Solar Forecast,0.0,NO_2
2026-05-06,Solar Forecast,0.0,NO_2
2026-05-07,Solar Forecast,0.0,NO_2
2026-05-08,Solar Forecast,0.0,NO_2
2026-04-28,Wind Onshore Forecast,10310.33,NO_2
2026-04-29,Wind Onshore Forecast,17355.12,NO_2
2026-04-30,Wind Onshore Forecast,11564.77,NO_2
2026-05-01,Wind Onshore Forecast,28628.24,NO_2
2026-05-02,Wind Onshore Forecast,12874.45,NO_2
2026-05-03,Wind Onshore Forecast,19157.23,NO_2
2026-05-04,Wind Onshore Forecast,52350.75,NO_2
2026-05-05,Wind Onshore Forecast,24135.23,NO_2
2026-05-06,Wind Onshore Forecast,22565.84,NO_2
2026-05-07,Wind Onshore Forecast,10909.54,NO_2
2026-05-08,Wind Onshore Forecast,0.0,NO_2
2026-04-28,Wind Offshore Forecast,97.8,NO_2
2026-04-29,Wind Offshore Forecast,250.0,NO_2
2026-04-30,Wind Offshore Forecast,42.0,NO_2
2026-05-01,Wind Offshore Forecast,302.4,NO_2
2026-05-02,Wind Offshore Forecast,187.2,NO_2
2026-05-03,Wind Offshore Forecast,338.0,NO_2
2026-05-04,Wind Offshore Forecast,213.6,NO_2
2026-05-05,Wind Offshore Forecast,132.4,NO_2
2026-05-06,Wind Offshore Forecast,91.2,NO_2
2026-05-07,Wind Offshore Forecast,44.0,NO_2
2026-05-08,Wind Offshore Forecast,0.0,NO_2
2026-04-28,Baseload,80.72,NO_3
2026-04-29,Baseload,69.88,NO_3
2026-04-30,Baseload,61.67,NO_3
2026-05-01,Baseload,49.94,NO_3
2026-05-02,Baseload,49.57,NO_3
2026-05-03,Baseload,68.9,NO_3
2026-05-04,Baseload,80.65,NO_3
2026-05-05,Baseload,77.22,NO_3
2026-05-06,Baseload,109.32,NO_3
2026-05-07,Baseload,133.55,NO_3
2026-05-08,Baseload,110.73,NO_3
2026-04-28,Solar Generation,0.0,NO_3
2026-04-29,Solar Generation,0.0,NO_3
2026-04-30,Solar Generation,0.0,NO_3
2026-05-01,Solar Generation,0.0,NO_3
2026-05-02,Solar Generation,0.0,NO_3
2026-05-03,Solar Generation,0.0,NO_3
2026-05-04,Solar Generation,0.0,NO_3
2026-05-05,Solar Generation,0.0,NO_3
2026-05-06,Solar Generation,0.0,NO_3
2026-05-07,Solar Generation,0.0,NO_3
2026-04-28,Wind Onshore Generation,11445.89,NO_3
2026-04-29,Wind Onshore Generation,127859.92,NO_3
2026-04-30,Wind Onshore Generation,83552.67,NO_3
2026-05-01,Wind Onshore Generation,110769.1,NO_3
2026-05-02,Wind Onshore Generation,79475.96,NO_3
2026-05-03,Wind Onshore Generation,37618.06,NO_3
2026-05-04,Wind Onshore Generation,95262.37,NO_3
2026-05-05,Wind Onshore Generation,68810.49,NO_3
2026-05-06,Wind Onshore Generation,46030.03,NO_3
2026-05-07,Wind Onshore Generation,20310.11,NO_3
2026-04-28,Wind Onshore Capture,81.3,NO_3
2026-04-29,Wind Onshore Capture,69.65,NO_3
2026-04-30,Wind Onshore Capture,64.62,NO_3
2026-05-01,Wind Onshore Capture,51.24,NO_3
2026-05-02,Wind Onshore Capture,52.1,NO_3
2026-05-03,Wind Onshore Capture,75.52,NO_3
2026-05-04,Wind Onshore Capture,81.21,NO_3
2026-05-05,Wind Onshore Capture,77.01,NO_3
2026-05-06,Wind Onshore Capture,100.06,NO_3
2026-05-07,Wind Onshore Capture,119.21,NO_3
2026-04-28,Solar Forecast,0.0,NO_3
2026-04-29,Solar Forecast,0.0,NO_3
2026-04-30,Solar Forecast,0.0,NO_3
2026-05-01,Solar Forecast,0.0,NO_3
2026-05-02,Solar Forecast,0.0,NO_3
2026-05-03,Solar Forecast,0.0,NO_3
2026-05-04,Solar Forecast,0.0,NO_3
2026-05-05,Solar Forecast,0.0,NO_3
2026-05-06,Solar Forecast,0.0,NO_3
2026-05-07,Solar Forecast,0.0,NO_3
2026-05-08,Solar Forecast,0.0,NO_3
2026-04-28,Wind Onshore Forecast,5842.51,NO_3
2026-04-29,Wind Onshore Forecast,110134.96,NO_3
2026-04-30,Wind Onshore Forecast,78198.52,NO_3
2026-05-01,Wind Onshore Forecast,109041.0,NO_3
2026-05-02,Wind Onshore Forecast,82928.67,NO_3
2026-05-03,Wind Onshore Forecast,38588.71,NO_3
2026-05-04,Wind Onshore Forecast,92489.27,NO_3
2026-05-05,Wind Onshore Forecast,66063.68,NO_3
2026-05-06,Wind Onshore Forecast,41133.09,NO_3
2026-05-07,Wind Onshore Forecast,23670.1,NO_3
2026-05-08,Wind Onshore Forecast,0.0,NO_3
2026-04-28,Baseload,35.96,NO_4
2026-04-29,Baseload,42.58,NO_4
2026-04-30,Baseload,18.71,NO_4
2026-05-01,Baseload,11.94,NO_4
2026-05-02,Baseload,6.48,NO_4
2026-05-03,Baseload,28.93,NO_4
2026-05-04,Baseload,50.56,NO_4
2026-05-05,Baseload,48.46,NO_4
2026-05-06,Baseload,88.09,NO_4
2026-05-07,Baseload,133.52,NO_4
2026-05-08,Baseload,104.84,NO_4
2026-04-28,Wind Onshore Generation,6041.01,NO_4
2026-04-29,Wind Onshore Generation,43626.36,NO_4
2026-04-30,Wind Onshore Generation,55529.92,NO_4
2026-05-01,Wind Onshore Generation,62902.66,NO_4
2026-05-02,Wind Onshore Generation,68859.61,NO_4
2026-05-03,Wind Onshore Generation,48963.41,NO_4
2026-05-04,Wind Onshore Generation,32155.29,NO_4
2026-05-05,Wind Onshore Generation,22129.82,NO_4
2026-05-06,Wind Onshore Generation,8925.31,NO_4
2026-05-07,Wind Onshore Generation,6426.06,NO_4
2026-04-28,Wind Onshore Capture,37.1,NO_4
2026-04-29,Wind Onshore Capture,42.05,NO_4
2026-04-30,Wind Onshore Capture,19.82,NO_4
2026-05-01,Wind Onshore Capture,12.42,NO_4
2026-05-02,Wind Onshore Capture,6.54,NO_4
2026-05-03,Wind Onshore Capture,29.12,NO_4
2026-05-04,Wind Onshore Capture,44.16,NO_4
2026-05-05,Wind Onshore Capture,49.13,NO_4
2026-05-06,Wind Onshore Capture,73.28,NO_4
2026-05-07,Wind Onshore Capture,124.59,NO_4
2026-04-28,Solar Forecast,0.0,NO_4
2026-04-29,Solar Forecast,0.0,NO_4
2026-04-30,Solar Forecast,0.0,NO_4
2026-05-01,Solar Forecast,0.0,NO_4
2026-05-02,Solar Forecast,0.0,NO_4
2026-05-03,Solar Forecast,0.0,NO_4
2026-05-04,Solar Forecast,0.0,NO_4
2026-05-05,Solar Forecast,0.0,NO_4
2026-05-06,Solar Forecast,0.0,NO_4
2026-05-07,Solar Forecast,0.0,NO_4
2026-05-08,Solar Forecast,0.0,NO_4
2026-04-28,Wind Onshore Forecast,5871.02,NO_4
2026-04-29,Wind Onshore Forecast,43957.13,NO_4
2026-04-30,Wind Onshore Forecast,50810.75,NO_4
2026-05-01,Wind Onshore Forecast,68554.78,NO_4
2026-05-02,Wind Onshore Forecast,66560.36,NO_4
2026-05-03,Wind Onshore Forecast,56566.98,NO_4
2026-05-04,Wind Onshore Forecast,31170.66,NO_4
2026-05-05,Wind Onshore Forecast,22388.64,NO_4
2026-05-06,Wind Onshore Forecast,12917.4,NO_4
2026-05-07,Wind Onshore Forecast,5649.65,NO_4
2026-05-08,Wind Onshore Forecast,0.0,NO_4
2026-04-28,Baseload,102.42,NO_5
2026-04-29,Baseload,100.83,NO_5
2026-04-30,Baseload,96.75,NO_5
2026-05-01,Baseload,91.77,NO_5
2026-05-02,Baseload,100.12,NO_5
2026-05-03,Baseload,97.11,NO_5
2026-05-04,Baseload,109.04,NO_5
2026-05-05,Baseload,118.52,NO_5
2026-05-06,Baseload,121.16,NO_5
2026-05-07,Baseload,133.4,NO_5
2026-05-08,Baseload,118.71,NO_5
2026-04-28,Solar Forecast,0.0,NO_5
2026-04-29,Solar Forecast,0.0,NO_5
2026-04-30,Solar Forecast,0.0,NO_5
2026-05-01,Solar Forecast,0.0,NO_5
2026-05-02,Solar Forecast,0.0,NO_5
2026-05-03,Solar Forecast,0.0,NO_5
2026-05-04,Solar Forecast,0.0,NO_5
2026-05-05,Solar Forecast,0.0,NO_5
2026-05-06,Solar Forecast,0.0,NO_5
2026-05-07,Solar Forecast,0.0,NO_5
2026-05-08,Solar Forecast,0.0,NO_5
2026-04-28,Wind Onshore Forecast,0.0,NO_5
2026-04-29,Wind Onshore Forecast,0.0,NO_5
2026-04-30,Wind Onshore Forecast,0.0,NO_5
2026-05-01,Wind Onshore Forecast,0.0,NO_5
2026-05-02,Wind Onshore Forecast,0.0,NO_5
2026-05-03,Wind Onshore Forecast,0.0,NO_5
2026-05-04,Wind Onshore Forecast,0.0,NO_5
2026-05-05,Wind Onshore Forecast,0.0,NO_5
2026-05-06,Wind Onshore Forecast,0.0,NO_5
2026-05-07,Wind Onshore Forecast,0.0,NO_5
2026-05-08,Wind Onshore Forecast,0.0,NO_5
2026-04-28,Baseload,22.04,SE_1
2026-04-29,Baseload,41.63,SE_1
2026-04-30,Baseload,11.08,SE_1
2026-05-01,Baseload,10.82,SE_1
2026-05-02,Baseload,5.56,SE_1
2026-05-03,Baseload,38.14,SE_1
2026-05-04,Baseload,44.99,SE_1
2026-05-05,Baseload,44.79,SE_1
2026-05-06,Baseload,93.78,SE_1
2026-05-07,Baseload,133.59,SE_1
2026-05-08,Baseload,104.88,SE_1
2026-04-28,Solar Generation,93.79,SE_1
2026-04-29,Solar Generation,247.13,SE_1
2026-04-30,Solar Generation,409.13,SE_1
2026-05-01,Solar Generation,459.9,SE_1
2026-05-02,Solar Generation,469.08,SE_1
2026-05-03,Solar Generation,543.59,SE_1
2026-05-04,Solar Generation,222.1,SE_1
2026-05-05,Solar Generation,416.52,SE_1
2026-05-06,Solar Generation,325.17,SE_1
2026-05-07,Solar Generation,419.78,SE_1
2026-04-28,Solar Capture,10.9,SE_1
2026-04-29,Solar Capture,41.42,SE_1
2026-04-30,Solar Capture,10.28,SE_1
2026-05-01,Solar Capture,3.56,SE_1
2026-05-02,Solar Capture,1.39,SE_1
2026-05-03,Solar Capture,33.48,SE_1
2026-05-04,Solar Capture,44.63,SE_1
2026-05-05,Solar Capture,39.57,SE_1
2026-05-06,Solar Capture,89.22,SE_1
2026-05-07,Solar Capture,117.83,SE_1
2026-04-28,Wind Onshore Generation,17185.25,SE_1
2026-04-29,Wind Onshore Generation,38849.29,SE_1
2026-04-30,Wind Onshore Generation,132892.77,SE_1
2026-05-01,Wind Onshore Generation,146345.86,SE_1
2026-05-02,Wind Onshore Generation,141096.41,SE_1
2026-05-03,Wind Onshore Generation,70459.2,SE_1
2026-05-04,Wind Onshore Generation,62591.98,SE_1
2026-05-05,Wind Onshore Generation,136121.43,SE_1
2026-05-06,Wind Onshore Generation,41863.93,SE_1
2026-05-07,Wind Onshore Generation,12031.05,SE_1
2026-04-28,Wind Onshore Capture,18.0,SE_1
2026-04-29,Wind Onshore Capture,17.96,SE_1
2026-04-30,Wind Onshore Capture,10.75,SE_1
2026-05-01,Wind Onshore Capture,13.02,SE_1
2026-05-02,Wind Onshore Capture,5.52,SE_1
2026-05-03,Wind Onshore Capture,29.08,SE_1
2026-05-04,Wind Onshore Capture,43.41,SE_1
2026-05-05,Wind Onshore Capture,43.53,SE_1
2026-05-06,Wind Onshore Capture,68.65,SE_1
2026-05-07,Wind Onshore Capture,118.18,SE_1
2026-04-28,Solar Forecast,93.37,SE_1
2026-04-29,Solar Forecast,0.0,SE_1
2026-04-30,Solar Forecast,413.43,SE_1
2026-05-01,Solar Forecast,473.04,SE_1
2026-05-02,Solar Forecast,461.55,SE_1
2026-05-03,Solar Forecast,551.78,SE_1
2026-05-04,Solar Forecast,227.94,SE_1
2026-05-05,Solar Forecast,449.85,SE_1
2026-05-06,Solar Forecast,295.27,SE_1
2026-05-07,Solar Forecast,504.86,SE_1
2026-04-28,Wind Onshore Forecast,19489.5,SE_1
2026-04-29,Wind Onshore Forecast,0.0,SE_1
2026-04-30,Wind Onshore Forecast,135398.98,SE_1
2026-05-01,Wind Onshore Forecast,147004.77,SE_1
2026-05-02,Wind Onshore Forecast,148238.03,SE_1
2026-05-03,Wind Onshore Forecast,70190.85,SE_1
2026-05-04,Wind Onshore Forecast,70760.9,SE_1
2026-05-05,Wind Onshore Forecast,131567.84,SE_1
2026-05-06,Wind Onshore Forecast,36530.91,SE_1
2026-05-07,Wind Onshore Forecast,20708.94,SE_1
2026-04-28,Baseload,24.95,SE_2
2026-04-29,Baseload,42.78,SE_2
2026-04-30,Baseload,13.88,SE_2
2026-05-01,Baseload,10.56,SE_2
2026-05-02,Baseload,5.32,SE_2
2026-05-03,Baseload,40.11,SE_2
2026-05-04,Baseload,47.72,SE_2
2026-05-05,Baseload,44.99,SE_2
2026-05-06,Baseload,95.68,SE_2
2026-05-07,Baseload,133.61,SE_2
2026-05-08,Baseload,104.93,SE_2
2026-04-28,Solar Generation,462.88,SE_2
2026-04-29,Solar Generation,679.0,SE_2
2026-04-30,Solar Generation,2292.92,SE_2
2026-05-01,Solar Generation,2460.98,SE_2
2026-05-02,Solar Generation,1611.09,SE_2
2026-05-03,Solar Generation,2405.53,SE_2
2026-05-04,Solar Generation,1377.04,SE_2
2026-05-05,Solar Generation,2232.74,SE_2
2026-05-06,Solar Generation,2285.38,SE_2
2026-05-07,Solar Generation,1890.13,SE_2
2026-04-28,Solar Capture,11.6,SE_2
2026-04-29,Solar Capture,35.56,SE_2
2026-04-30,Solar Capture,9.97,SE_2
2026-05-01,Solar Capture,2.51,SE_2
2026-05-02,Solar Capture,0.54,SE_2
2026-05-03,Solar Capture,35.57,SE_2
2026-05-04,Solar Capture,52.6,SE_2
2026-05-05,Solar Capture,41.5,SE_2
2026-05-06,Solar Capture,93.16,SE_2
2026-05-07,Solar Capture,116.89,SE_2
2026-04-28,Wind Onshore Generation,45411.53,SE_2
2026-04-29,Wind Onshore Generation,173919.01,SE_2
2026-04-30,Wind Onshore Generation,361247.95,SE_2
2026-05-01,Wind Onshore Generation,167145.42,SE_2
2026-05-02,Wind Onshore Generation,209057.8,SE_2
2026-05-03,Wind Onshore Generation,149212.44,SE_2
2026-05-04,Wind Onshore Generation,219433.97,SE_2
2026-05-05,Wind Onshore Generation,309209.02,SE_2
2026-05-06,Wind Onshore Generation,167188.72,SE_2
2026-05-07,Wind Onshore Generation,20657.65,SE_2
2026-04-28,Wind Onshore Capture,23.03,SE_2
2026-04-29,Wind Onshore Capture,26.49,SE_2
2026-04-30,Wind Onshore Capture,13.27,SE_2
2026-05-01,Wind Onshore Capture,13.03,SE_2
2026-05-02,Wind Onshore Capture,7.39,SE_2
2026-05-03,Wind Onshore Capture,30.99,SE_2
2026-05-04,Wind Onshore Capture,45.89,SE_2
2026-05-05,Wind Onshore Capture,44.48,SE_2
2026-05-06,Wind Onshore Capture,76.28,SE_2
2026-05-07,Wind Onshore Capture,118.21,SE_2
2026-04-28,Solar Forecast,467.27,SE_2
2026-04-29,Solar Forecast,0.0,SE_2
2026-04-30,Solar Forecast,2293.1,SE_2
2026-05-01,Solar Forecast,2443.89,SE_2
2026-05-02,Solar Forecast,1568.05,SE_2
2026-05-03,Solar Forecast,2403.77,SE_2
2026-05-04,Solar Forecast,1235.31,SE_2
2026-05-05,Solar Forecast,2187.96,SE_2
2026-05-06,Solar Forecast,2238.93,SE_2
2026-05-07,Solar Forecast,2290.57,SE_2
2026-04-28,Wind Onshore Forecast,42296.66,SE_2
2026-04-29,Wind Onshore Forecast,0.0,SE_2
2026-04-30,Wind Onshore Forecast,350737.73,SE_2
2026-05-01,Wind Onshore Forecast,161170.77,SE_2
2026-05-02,Wind Onshore Forecast,213084.37,SE_2
2026-05-03,Wind Onshore Forecast,161947.51,SE_2
2026-05-04,Wind Onshore Forecast,190153.22,SE_2
2026-05-05,Wind Onshore Forecast,290973.25,SE_2
2026-05-06,Wind Onshore Forecast,170793.58,SE_2
2026-05-07,Wind Onshore Forecast,34330.14,SE_2
2026-04-28,Baseload,76.11,SE_3
2026-04-29,Baseload,78.87,SE_3
2026-04-30,Baseload,63.5,SE_3
2026-05-01,Baseload,10.09,SE_3
2026-05-02,Baseload,4.71,SE_3
2026-05-03,Baseload,52.89,SE_3
2026-05-04,Baseload,77.19,SE_3
2026-05-05,Baseload,75.06,SE_3
2026-05-06,Baseload,106.57,SE_3
2026-05-07,Baseload,133.64,SE_3
2026-05-08,Baseload,104.7,SE_3
2026-04-28,Solar Generation,9736.9,SE_3
2026-04-29,Solar Generation,37817.62,SE_3
2026-04-30,Solar Generation,48909.62,SE_3
2026-05-01,Solar Generation,50896.07,SE_3
2026-05-02,Solar Generation,51832.8,SE_3
2026-05-03,Solar Generation,16554.69,SE_3
2026-05-04,Solar Generation,39314.12,SE_3
2026-05-05,Solar Generation,50125.4,SE_3
2026-05-06,Solar Generation,51007.36,SE_3
2026-05-07,Solar Generation,42243.08,SE_3
2026-04-28,Solar Capture,27.18,SE_3
2026-04-29,Solar Capture,40.64,SE_3
2026-04-30,Solar Capture,20.62,SE_3
2026-05-01,Solar Capture,1.22,SE_3
2026-05-02,Solar Capture,-0.81,SE_3
2026-05-03,Solar Capture,36.43,SE_3
2026-05-04,Solar Capture,56.19,SE_3
2026-05-05,Solar Capture,64.38,SE_3
2026-05-06,Solar Capture,96.07,SE_3
2026-05-07,Solar Capture,116.73,SE_3
2026-04-28,Wind Onshore Generation,15366.84,SE_3
2026-04-29,Wind Onshore Generation,38323.87,SE_3
2026-04-30,Wind Onshore Generation,66362.53,SE_3
2026-05-01,Wind Onshore Generation,148758.22,SE_3
2026-05-02,Wind Onshore Generation,184969.83,SE_3
2026-05-03,Wind Onshore Generation,52179.23,SE_3
2026-05-04,Wind Onshore Generation,132146.44,SE_3
2026-05-05,Wind Onshore Generation,101130.87,SE_3
2026-05-06,Wind Onshore Generation,34848.58,SE_3
2026-05-07,Wind Onshore Generation,23004.51,SE_3
2026-04-28,Wind Onshore Capture,66.7,SE_3
2026-04-29,Wind Onshore Capture,91.25,SE_3
2026-04-30,Wind Onshore Capture,77.03,SE_3
2026-05-01,Wind Onshore Capture,10.76,SE_3
2026-05-02,Wind Onshore Capture,4.61,SE_3
2026-05-03,Wind Onshore Capture,38.48,SE_3
2026-05-04,Wind Onshore Capture,73.42,SE_3
2026-05-05,Wind Onshore Capture,66.61,SE_3
2026-05-06,Wind Onshore Capture,111.78,SE_3
2026-05-07,Wind Onshore Capture,119.48,SE_3
2026-04-28,Solar Forecast,9558.38,SE_3
2026-04-29,Solar Forecast,0.0,SE_3
2026-04-30,Solar Forecast,48517.98,SE_3
2026-05-01,Solar Forecast,50552.96,SE_3
2026-05-02,Solar Forecast,51033.55,SE_3
2026-05-03,Solar Forecast,15887.69,SE_3
2026-05-04,Solar Forecast,40388.49,SE_3
2026-05-05,Solar Forecast,49441.56,SE_3
2026-05-06,Solar Forecast,50302.17,SE_3
2026-05-07,Solar Forecast,49182.16,SE_3
2026-04-28,Wind Onshore Forecast,14592.99,SE_3
2026-04-29,Wind Onshore Forecast,0.0,SE_3
2026-04-30,Wind Onshore Forecast,64648.41,SE_3
2026-05-01,Wind Onshore Forecast,147036.3,SE_3
2026-05-02,Wind Onshore Forecast,186719.52,SE_3
2026-05-03,Wind Onshore Forecast,60425.5,SE_3
2026-05-04,Wind Onshore Forecast,135542.77,SE_3
2026-05-05,Wind Onshore Forecast,97507.42,SE_3
2026-05-06,Wind Onshore Forecast,29532.67,SE_3
2026-05-07,Wind Onshore Forecast,31237.92,SE_3
2026-04-28,Baseload,104.53,BG
2026-04-29,Baseload,100.96,BG
2026-04-30,Baseload,86.81,BG
2026-05-01,Baseload,61.03,BG
2026-05-02,Baseload,69.08,BG
2026-05-03,Baseload,71.16,BG
2026-05-04,Baseload,100.86,BG
2026-05-05,Baseload,104.22,BG
2026-05-06,Baseload,108.67,BG
2026-05-07,Baseload,124.13,BG
2026-05-08,Baseload,116.08,BG
2026-04-28,Solar Generation,6206.95,BG
2026-04-29,Solar Generation,20798.39,BG
2026-04-30,Solar Generation,7388.29,BG
2026-05-01,Solar Generation,15842.36,BG
2026-05-02,Solar Generation,17212.39,BG
2026-05-03,Solar Generation,18403.11,BG
2026-05-04,Solar Generation,30045.51,BG
2026-05-05,Solar Generation,35969.78,BG
2026-05-06,Solar Generation,35433.1,BG
2026-05-07,Solar Generation,6385.44,BG
2026-04-28,Solar Capture,80.03,BG
2026-04-29,Solar Capture,70.07,BG
2026-04-30,Solar Capture,87.88,BG
2026-05-01,Solar Capture,35.11,BG
2026-05-02,Solar Capture,46.57,BG
2026-05-03,Solar Capture,46.94,BG
2026-05-04,Solar Capture,63.82,BG
2026-05-05,Solar Capture,55.57,BG
2026-05-06,Solar Capture,57.28,BG
2026-05-07,Solar Capture,125.74,BG
2026-04-28,Wind Onshore Generation,485.66,BG
2026-04-29,Wind Onshore Generation,1780.44,BG
2026-04-30,Wind Onshore Generation,3407.9,BG
2026-05-01,Wind Onshore Generation,4530.68,BG
2026-05-02,Wind Onshore Generation,2345.32,BG
2026-05-03,Wind Onshore Generation,6136.37,BG
2026-05-04,Wind Onshore Generation,7032.54,BG
2026-05-05,Wind Onshore Generation,1436.07,BG
2026-05-06,Wind Onshore Generation,715.82,BG
2026-05-07,Wind Onshore Generation,349.54,BG
2026-04-28,Wind Onshore Capture,98.61,BG
2026-04-29,Wind Onshore Capture,92.32,BG
2026-04-30,Wind Onshore Capture,93.56,BG
2026-05-01,Wind Onshore Capture,80.33,BG
2026-05-02,Wind Onshore Capture,72.84,BG
2026-05-03,Wind Onshore Capture,68.69,BG
2026-05-04,Wind Onshore Capture,98.89,BG
2026-05-05,Wind Onshore Capture,116.17,BG
2026-05-06,Wind Onshore Capture,123.44,BG
2026-05-07,Wind Onshore Capture,135.64,BG
2026-04-28,Solar Forecast,3948.0,BG
2026-04-29,Solar Forecast,30934.0,BG
2026-04-30,Solar Forecast,7506.0,BG
2026-05-01,Solar Forecast,34327.0,BG
2026-05-02,Solar Forecast,30710.0,BG
2026-05-03,Solar Forecast,32828.0,BG
2026-05-04,Solar Forecast,3072.0,BG
2026-05-05,Solar Forecast,37272.0,BG
2026-05-06,Solar Forecast,38424.0,BG
2026-05-07,Solar Forecast,34334.0,BG
2026-05-08,Solar Forecast,24303.0,BG
2026-04-28,Wind Onshore Forecast,484.0,BG
2026-04-29,Wind Onshore Forecast,1183.0,BG
2026-04-30,Wind Onshore Forecast,6403.0,BG
2026-05-01,Wind Onshore Forecast,5649.0,BG
2026-05-02,Wind Onshore Forecast,2770.0,BG
2026-05-03,Wind Onshore Forecast,9858.0,BG
2026-05-04,Wind Onshore Forecast,9486.0,BG
2026-05-05,Wind Onshore Forecast,2211.0,BG
2026-05-06,Wind Onshore Forecast,1428.0,BG
2026-05-07,Wind Onshore Forecast,1725.0,BG
2026-05-08,Wind Onshore Forecast,350.0,BG
2026-04-28,Baseload,83.19,SE_4
2026-04-29,Baseload,83.64,SE_4
2026-04-30,Baseload,69.22,SE_4
2026-05-01,Baseload,10.0,SE_4
2026-05-02,Baseload,4.54,SE_4
2026-05-03,Baseload,54.14,SE_4
2026-05-04,Baseload,100.97,SE_4
2026-05-05,Baseload,101.33,SE_4
2026-05-06,Baseload,117.16,SE_4
2026-05-07,Baseload,133.67,SE_4
2026-05-08,Baseload,104.62,SE_4
2026-04-28,Solar Generation,5076.06,SE_4
2026-04-29,Solar Generation,22217.29,SE_4
2026-04-30,Solar Generation,24431.95,SE_4
2026-05-01,Solar Generation,24973.64,SE_4
2026-05-02,Solar Generation,25217.59,SE_4
2026-05-03,Solar Generation,14339.59,SE_4
2026-05-04,Solar Generation,17363.85,SE_4
2026-05-05,Solar Generation,22430.31,SE_4
2026-05-06,Solar Generation,17335.99,SE_4
2026-05-07,Solar Generation,19140.98,SE_4
2026-04-28,Solar Capture,28.17,SE_4
2026-04-29,Solar Capture,36.62,SE_4
2026-04-30,Solar Capture,18.74,SE_4
2026-05-01,Solar Capture,0.36,SE_4
2026-05-02,Solar Capture,-1.28,SE_4
2026-05-03,Solar Capture,34.69,SE_4
2026-05-04,Solar Capture,55.42,SE_4
2026-05-05,Solar Capture,80.33,SE_4
2026-05-06,Solar Capture,97.55,SE_4
2026-05-07,Solar Capture,116.2,SE_4
2026-04-28,Wind Onshore Generation,11609.85,SE_4
2026-04-29,Wind Onshore Generation,25055.86,SE_4
2026-04-30,Wind Onshore Generation,35801.12,SE_4
2026-05-01,Wind Onshore Generation,41414.51,SE_4
2026-05-02,Wind Onshore Generation,76311.55,SE_4
2026-05-03,Wind Onshore Generation,35259.0,SE_4
2026-05-04,Wind Onshore Generation,58035.65,SE_4
2026-05-05,Wind Onshore Generation,42825.97,SE_4
2026-05-06,Wind Onshore Generation,29715.06,SE_4
2026-05-07,Wind Onshore Generation,5515.31,SE_4
2026-04-28,Wind Onshore Capture,80.35,SE_4
2026-04-29,Wind Onshore Capture,92.26,SE_4
2026-04-30,Wind Onshore Capture,76.09,SE_4
2026-05-01,Wind Onshore Capture,11.28,SE_4
2026-05-02,Wind Onshore Capture,4.94,SE_4
2026-05-03,Wind Onshore Capture,35.17,SE_4
2026-05-04,Wind Onshore Capture,89.29,SE_4
2026-05-05,Wind Onshore Capture,94.33,SE_4
2026-05-06,Wind Onshore Capture,115.43,SE_4
2026-05-07,Wind Onshore Capture,118.66,SE_4
2026-04-28,Solar Forecast,5023.1,SE_4
2026-04-29,Solar Forecast,0.0,SE_4
2026-04-30,Solar Forecast,24359.28,SE_4
2026-05-01,Solar Forecast,24792.1,SE_4
2026-05-02,Solar Forecast,24933.81,SE_4
2026-05-03,Solar Forecast,14478.68,SE_4
2026-05-04,Solar Forecast,17338.03,SE_4
2026-05-05,Solar Forecast,21483.0,SE_4
2026-05-06,Solar Forecast,18695.79,SE_4
2026-05-07,Solar Forecast,22493.71,SE_4
2026-04-28,Wind Onshore Forecast,10732.4,SE_4
2026-04-29,Wind Onshore Forecast,0.0,SE_4
2026-04-30,Wind Onshore Forecast,34682.3,SE_4
2026-05-01,Wind Onshore Forecast,41074.02,SE_4
2026-05-02,Wind Onshore Forecast,75571.19,SE_4
2026-05-03,Wind Onshore Forecast,35754.71,SE_4
2026-05-04,Wind Onshore Forecast,59583.17,SE_4
2026-05-05,Wind Onshore Forecast,43062.94,SE_4
2026-05-06,Wind Onshore Forecast,26078.17,SE_4
2026-05-07,Wind Onshore Forecast,11485.79,SE_4
2026-04-28,Baseload,104.53,GR
2026-04-29,Baseload,96.47,GR
2026-04-30,Baseload,87.32,GR
2026-05-01,Baseload,55.12,GR
2026-05-02,Baseload,60.77,GR
2026-05-03,Baseload,67.4,GR
2026-05-04,Baseload,97.61,GR
2026-05-05,Baseload,99.51,GR
2026-05-06,Baseload,102.79,GR
2026-05-07,Baseload,122.18,GR
2026-05-08,Baseload,116.03,GR
2026-04-28,Solar Generation,6843.0,GR
2026-04-29,Solar Generation,54189.0,GR
2026-04-30,Solar Generation,47608.0,GR
2026-05-01,Solar Generation,25153.0,GR
2026-05-02,Solar Generation,38331.0,GR
2026-05-03,Solar Generation,38031.0,GR
2026-05-04,Solar Generation,57691.0,GR
2026-05-05,Solar Generation,220155.0,GR
2026-05-06,Solar Generation,234211.0,GR
2026-05-07,Solar Generation,155820.0,GR
2026-04-28,Solar Capture,14.16,GR
2026-04-29,Solar Capture,26.0,GR
2026-04-30,Solar Capture,40.33,GR
2026-05-01,Solar Capture,3.8,GR
2026-05-02,Solar Capture,3.1,GR
2026-05-03,Solar Capture,4.14,GR
2026-05-04,Solar Capture,24.97,GR
2026-05-05,Solar Capture,11.73,GR
2026-05-06,Solar Capture,22.55,GR
2026-05-07,Solar Capture,99.21,GR
2026-04-28,Wind Onshore Generation,1412.0,GR
2026-04-29,Wind Onshore Generation,6274.0,GR
2026-04-30,Wind Onshore Generation,19217.0,GR
2026-05-01,Wind Onshore Generation,64108.0,GR
2026-05-02,Wind Onshore Generation,64008.0,GR
2026-05-03,Wind Onshore Generation,51860.0,GR
2026-05-04,Wind Onshore Generation,23196.0,GR
2026-05-05,Wind Onshore Generation,15217.0,GR
2026-05-06,Wind Onshore Generation,38863.0,GR
2026-05-07,Wind Onshore Generation,38796.0,GR
2026-04-28,Wind Onshore Capture,82.52,GR
2026-04-29,Wind Onshore Capture,123.33,GR
2026-04-30,Wind Onshore Capture,105.32,GR
2026-05-01,Wind Onshore Capture,58.1,GR
2026-05-02,Wind Onshore Capture,69.32,GR
2026-05-03,Wind Onshore Capture,75.6,GR
2026-05-04,Wind Onshore Capture,109.78,GR
2026-05-05,Wind Onshore Capture,87.71,GR
2026-05-06,Wind Onshore Capture,132.75,GR
2026-05-07,Wind Onshore Capture,116.24,GR
2026-04-28,Solar Forecast,38280.0,GR
2026-04-29,Solar Forecast,249940.0,GR
2026-04-30,Solar Forecast,183940.0,GR
2026-05-01,Solar Forecast,125100.0,GR
2026-05-02,Solar Forecast,203980.0,GR
2026-05-03,Solar Forecast,219590.0,GR
2026-05-04,Solar Forecast,267990.0,GR
2026-05-05,Solar Forecast,270050.0,GR
2026-05-06,Solar Forecast,255950.0,GR
2026-05-07,Solar Forecast,180150.0,GR
2026-05-08,Solar Forecast,68850.0,GR
2026-04-28,Wind Onshore Forecast,14670.0,GR
2026-04-29,Wind Onshore Forecast,29560.0,GR
2026-04-30,Wind Onshore Forecast,66120.0,GR
2026-05-01,Wind Onshore Forecast,295790.0,GR
2026-05-02,Wind Onshore Forecast,309820.0,GR
2026-05-03,Wind Onshore Forecast,245550.0,GR
2026-05-04,Wind Onshore Forecast,115940.0,GR
2026-05-05,Wind Onshore Forecast,37550.0,GR
2026-05-06,Wind Onshore Forecast,43130.0,GR
2026-05-07,Wind Onshore Forecast,63880.0,GR
2026-05-08,Wind Onshore Forecast,91630.0,GR
2026-04-28,Baseload,133.33,HR
2026-04-29,Baseload,109.76,HR
2026-04-30,Baseload,82.56,HR
2026-05-01,Baseload,26.07,HR
2026-05-02,Baseload,62.5,HR
2026-05-03,Baseload,71.11,HR
2026-05-04,Baseload,110.38,HR
2026-05-05,Baseload,120.43,HR
2026-05-06,Baseload,128.46,HR
2026-05-07,Baseload,138.66,HR
2026-05-08,Baseload,113.98,HR
2026-04-28,Solar Generation,3015.6,HR
2026-04-29,Solar Generation,11881.6,HR
2026-04-30,Solar Generation,11717.2,HR
2026-05-01,Solar Generation,9698.8,HR
2026-05-02,Solar Generation,10723.2,HR
2026-05-03,Solar Generation,12049.2,HR
2026-05-04,Solar Generation,16150.0,HR
2026-05-05,Solar Generation,8880.4,HR
2026-05-06,Solar Generation,8848.4,HR
2026-05-07,Solar Generation,5421.6,HR
2026-04-28,Solar Capture,88.11,HR
2026-04-29,Solar Capture,75.32,HR
2026-04-30,Solar Capture,27.2,HR
2026-05-01,Solar Capture,-71.63,HR
2026-05-02,Solar Capture,-9.31,HR
2026-05-03,Solar Capture,15.53,HR
2026-05-04,Solar Capture,51.61,HR
2026-05-05,Solar Capture,92.03,HR
2026-05-06,Solar Capture,103.28,HR
2026-05-07,Solar Capture,119.88,HR
2026-04-28,Wind Onshore Generation,1939.6,HR
2026-04-29,Wind Onshore Generation,33842.0,HR
2026-04-30,Wind Onshore Generation,90803.2,HR
2026-05-01,Wind Onshore Generation,65527.6,HR
2026-05-02,Wind Onshore Generation,21880.8,HR
2026-05-03,Wind Onshore Generation,12863.6,HR
2026-05-04,Wind Onshore Generation,9580.0,HR
2026-05-05,Wind Onshore Generation,27607.6,HR
2026-05-06,Wind Onshore Generation,48128.8,HR
2026-05-07,Wind Onshore Generation,27223.2,HR
2026-04-28,Wind Onshore Capture,122.85,HR
2026-04-29,Wind Onshore Capture,121.04,HR
2026-04-30,Wind Onshore Capture,90.13,HR
2026-05-01,Wind Onshore Capture,64.21,HR
2026-05-02,Wind Onshore Capture,75.84,HR
2026-05-03,Wind Onshore Capture,75.72,HR
2026-05-04,Wind Onshore Capture,90.36,HR
2026-05-05,Wind Onshore Capture,107.1,HR
2026-05-06,Wind Onshore Capture,124.26,HR
2026-05-07,Wind Onshore Capture,129.92,HR
2026-04-28,Solar Forecast,2954.6,HR
2026-04-29,Solar Forecast,11374.69,HR
2026-04-30,Solar Forecast,10318.36,HR
2026-05-01,Solar Forecast,8779.86,HR
2026-05-02,Solar Forecast,10045.77,HR
2026-05-03,Solar Forecast,11329.11,HR
2026-05-04,Solar Forecast,15097.45,HR
2026-05-05,Solar Forecast,8185.01,HR
2026-05-06,Solar Forecast,8869.99,HR
2026-05-07,Solar Forecast,7634.76,HR
2026-05-08,Solar Forecast,7172.81,HR
2026-04-28,Wind Onshore Forecast,3509.11,HR
2026-04-29,Wind Onshore Forecast,37318.0,HR
2026-04-30,Wind Onshore Forecast,90873.26,HR
2026-05-01,Wind Onshore Forecast,70957.7,HR
2026-05-02,Wind Onshore Forecast,30805.67,HR
2026-05-03,Wind Onshore Forecast,13253.74,HR
2026-05-04,Wind Onshore Forecast,8313.68,HR
2026-05-05,Wind Onshore Forecast,32731.1,HR
2026-05-06,Wind Onshore Forecast,52542.79,HR
2026-05-07,Wind Onshore Forecast,44044.65,HR
2026-05-08,Wind Onshore Forecast,8710.44,HR
2026-04-28,Baseload,62.43,ES
2026-04-29,Baseload,75.72,ES
2026-04-30,Baseload,64.39,ES
2026-05-01,Baseload,57.87,ES
2026-05-02,Baseload,43.64,ES
2026-05-03,Baseload,48.13,ES
2026-05-04,Baseload,69.71,ES
2026-05-05,Baseload,64.34,ES
2026-05-06,Baseload,78.02,ES
2026-05-07,Baseload,86.9,ES
2026-05-08,Baseload,67.11,ES
2026-04-28,Solar Generation,228044.0,ES
2026-04-29,Solar Generation,578516.0,ES
2026-04-30,Solar Generation,887768.0,ES
2026-05-01,Solar Generation,661172.0,ES
2026-05-02,Solar Generation,508448.0,ES
2026-05-03,Solar Generation,607388.0,ES
2026-05-04,Solar Generation,737704.0,ES
2026-05-05,Solar Generation,900632.0,ES
2026-05-06,Solar Generation,960096.0,ES
2026-05-07,Solar Generation,643272.0,ES
2026-04-28,Solar Capture,19.81,ES
2026-04-29,Solar Capture,42.96,ES
2026-04-30,Solar Capture,17.1,ES
2026-05-01,Solar Capture,9.77,ES
2026-05-02,Solar Capture,11.85,ES
2026-05-03,Solar Capture,9.86,ES
2026-05-04,Solar Capture,19.48,ES
2026-05-05,Solar Capture,19.81,ES
2026-05-06,Solar Capture,29.79,ES
2026-05-07,Solar Capture,36.89,ES
2026-04-28,Wind Onshore Generation,213572.0,ES
2026-04-29,Wind Onshore Generation,521420.0,ES
2026-04-30,Wind Onshore Generation,193348.0,ES
2026-05-01,Wind Onshore Generation,266580.0,ES
2026-05-02,Wind Onshore Generation,549268.0,ES
2026-05-03,Wind Onshore Generation,288844.0,ES
2026-05-04,Wind Onshore Generation,319280.0,ES
2026-05-05,Wind Onshore Generation,342348.0,ES
2026-05-06,Wind Onshore Generation,234488.0,ES
2026-05-07,Wind Onshore Generation,238064.0,ES
2026-04-28,Wind Onshore Capture,67.11,ES
2026-04-29,Wind Onshore Capture,72.14,ES
2026-04-30,Wind Onshore Capture,80.19,ES
2026-05-01,Wind Onshore Capture,72.63,ES
2026-05-02,Wind Onshore Capture,42.03,ES
2026-05-03,Wind Onshore Capture,53.44,ES
2026-05-04,Wind Onshore Capture,63.68,ES
2026-05-05,Wind Onshore Capture,69.48,ES
2026-05-06,Wind Onshore Capture,99.3,ES
2026-05-07,Wind Onshore Capture,82.11,ES
2026-04-28,Wind Offshore Generation,0.0,ES
2026-04-29,Wind Offshore Generation,0.0,ES
2026-04-30,Wind Offshore Generation,0.0,ES
2026-05-01,Wind Offshore Generation,0.0,ES
2026-05-02,Wind Offshore Generation,0.0,ES
2026-05-03,Wind Offshore Generation,0.0,ES
2026-05-04,Wind Offshore Generation,0.0,ES
2026-05-05,Wind Offshore Generation,0.0,ES
2026-05-06,Wind Offshore Generation,0.0,ES
2026-05-07,Wind Offshore Generation,0.0,ES
2026-04-28,Solar Forecast,249195.0,ES
2026-04-29,Solar Forecast,558313.0,ES
2026-04-30,Solar Forecast,876627.0,ES
2026-05-01,Solar Forecast,802745.0,ES
2026-05-02,Solar Forecast,523144.0,ES
2026-05-03,Solar Forecast,622962.0,ES
2026-05-04,Solar Forecast,730657.0,ES
2026-05-05,Solar Forecast,816783.0,ES
2026-05-06,Solar Forecast,860462.0,ES
2026-05-07,Solar Forecast,809104.0,ES
2026-04-28,Wind Onshore Forecast,210970.0,ES
2026-04-29,Wind Onshore Forecast,520510.0,ES
2026-04-30,Wind Onshore Forecast,242766.0,ES
2026-05-01,Wind Onshore Forecast,336358.0,ES
2026-05-02,Wind Onshore Forecast,672397.0,ES
2026-05-03,Wind Onshore Forecast,396650.0,ES
2026-05-04,Wind Onshore Forecast,370709.0,ES
2026-05-05,Wind Onshore Forecast,371007.0,ES
2026-05-06,Wind Onshore Forecast,280392.0,ES
2026-05-07,Wind Onshore Forecast,313444.0,ES
2026-04-28,Baseload,130.54,MK
2026-04-29,Baseload,74.54,MK
2026-04-30,Baseload,85.87,MK
2026-05-01,Baseload,51.15,MK
2026-05-02,Baseload,63.41,MK
2026-05-03,Baseload,74.28,MK
2026-05-04,Baseload,93.77,MK
2026-05-05,Baseload,109.57,MK
2026-05-06,Baseload,98.61,MK
2026-05-07,Baseload,131.21,MK
2026-04-28,Wind Onshore Generation,66.41,MK
2026-04-29,Wind Onshore Generation,114.72,MK
2026-04-30,Wind Onshore Generation,686.94,MK
2026-05-01,Wind Onshore Generation,363.2,MK
2026-05-02,Wind Onshore Generation,202.7,MK
2026-05-03,Wind Onshore Generation,337.68,MK
2026-05-04,Wind Onshore Generation,472.76,MK
2026-04-28,Wind Onshore Capture,134.85,MK
2026-04-29,Wind Onshore Capture,97.7,MK
2026-04-30,Wind Onshore Capture,80.17,MK
2026-05-01,Wind Onshore Capture,45.78,MK
2026-05-02,Wind Onshore Capture,42.85,MK
2026-05-03,Wind Onshore Capture,86.03,MK
2026-05-04,Wind Onshore Capture,92.16,MK
2026-04-28,Solar Forecast,142.6,MK
2026-04-29,Solar Forecast,610.7,MK
2026-04-30,Solar Forecast,202.9,MK
2026-05-01,Solar Forecast,176.1,MK
2026-05-02,Solar Forecast,197.5,MK
2026-05-03,Solar Forecast,287.3,MK
2026-05-04,Solar Forecast,766.2,MK
2026-05-05,Solar Forecast,815.0,MK
2026-05-06,Solar Forecast,746.6,MK
2026-05-07,Solar Forecast,438.6,MK
2026-04-28,Wind Onshore Forecast,169.54,MK
2026-04-29,Wind Onshore Forecast,271.23,MK
2026-04-30,Wind Onshore Forecast,1299.9,MK
2026-05-01,Wind Onshore Forecast,532.9,MK
2026-05-02,Wind Onshore Forecast,338.82,MK
2026-05-03,Wind Onshore Forecast,423.98,MK
2026-05-04,Wind Onshore Forecast,530.05,MK
2026-05-05,Wind Onshore Forecast,171.29,MK
2026-05-06,Wind Onshore Forecast,316.89,MK
2026-05-07,Wind Onshore Forecast,296.09,MK
2026-04-28,Wind Offshore Forecast,0.0,MK
2026-04-29,Wind Offshore Forecast,0.0,MK
2026-04-30,Wind Offshore Forecast,0.0,MK
2026-05-01,Wind Offshore Forecast,0.0,MK
2026-05-02,Wind Offshore Forecast,0.0,MK
2026-05-03,Wind Offshore Forecast,0.0,MK
2026-05-04,Wind Offshore Forecast,0.0,MK
2026-05-05,Wind Offshore Forecast,0.0,MK
2026-05-06,Wind Offshore Forecast,0.0,MK
2026-05-07,Wind Offshore Forecast,0.0,MK
2026-04-28,Baseload,119.08,ME
2026-04-29,Baseload,94.14,ME
2026-04-30,Baseload,82.64,ME
2026-05-01,Baseload,47.38,ME
2026-05-02,Baseload,58.8,ME
2026-05-03,Baseload,72.55,ME
2026-05-04,Baseload,114.42,ME
2026-05-05,Baseload,104.92,ME
2026-05-06,Baseload,117.28,ME
2026-05-07,Baseload,128.42,ME
2026-05-08,Baseload,116.34,ME
2026-04-28,Wind Onshore Generation,125.01,ME
2026-04-29,Wind Onshore Generation,304.38,ME
2026-04-30,Wind Onshore Generation,1932.67,ME
2026-05-01,Wind Onshore Generation,2357.62,ME
2026-05-02,Wind Onshore Generation,1881.25,ME
2026-05-03,Wind Onshore Generation,1384.87,ME
2026-05-04,Wind Onshore Generation,530.9,ME
2026-05-05,Wind Onshore Generation,243.2,ME
2026-05-06,Wind Onshore Generation,475.12,ME
2026-05-07,Wind Onshore Generation,539.25,ME
2026-04-28,Wind Onshore Capture,106.09,ME
2026-04-29,Wind Onshore Capture,97.03,ME
2026-04-30,Wind Onshore Capture,74.04,ME
2026-05-01,Wind Onshore Capture,46.91,ME
2026-05-02,Wind Onshore Capture,55.59,ME
2026-05-03,Wind Onshore Capture,52.93,ME
2026-05-04,Wind Onshore Capture,121.04,ME
2026-05-05,Wind Onshore Capture,89.5,ME
2026-05-06,Wind Onshore Capture,110.6,ME
2026-05-07,Wind Onshore Capture,115.55,ME
2026-04-28,Solar Forecast,23.41,ME
2026-04-29,Solar Forecast,178.29,ME
2026-04-30,Solar Forecast,81.83,ME
2026-05-01,Solar Forecast,83.57,ME
2026-05-02,Solar Forecast,130.42,ME
2026-05-03,Solar Forecast,99.41,ME
2026-05-04,Solar Forecast,228.6,ME
2026-05-05,Solar Forecast,189.22,ME
2026-05-06,Solar Forecast,185.8,ME
2026-05-07,Solar Forecast,123.45,ME
2026-04-28,Wind Onshore Forecast,93.87,ME
2026-04-29,Wind Onshore Forecast,312.86,ME
2026-04-30,Wind Onshore Forecast,2168.49,ME
2026-05-01,Wind Onshore Forecast,2796.42,ME
2026-05-02,Wind Onshore Forecast,2229.69,ME
2026-05-03,Wind Onshore Forecast,1469.34,ME
2026-05-04,Wind Onshore Forecast,383.72,ME
2026-05-05,Wind Onshore Forecast,377.52,ME
2026-05-06,Wind Onshore Forecast,665.89,ME
2026-05-07,Wind Onshore Forecast,724.47,ME
2026-04-28,Baseload,160.6,HU
2026-04-29,Baseload,112.66,HU
2026-04-30,Baseload,89.82,HU
2026-05-01,Baseload,5.06,HU
2026-05-02,Baseload,55.26,HU
2026-05-03,Baseload,73.28,HU
2026-05-04,Baseload,114.4,HU
2026-05-05,Baseload,119.28,HU
2026-05-06,Baseload,126.25,HU
2026-05-07,Baseload,140.34,HU
2026-05-08,Baseload,113.35,HU
2026-04-28,Solar Generation,22774.32,HU
2026-04-29,Solar Generation,116705.65,HU
2026-04-30,Solar Generation,137074.78,HU
2026-05-01,Solar Generation,107742.84,HU
2026-05-02,Solar Generation,116971.44,HU
2026-05-03,Solar Generation,126189.28,HU
2026-05-04,Solar Generation,147636.55,HU
2026-05-05,Solar Generation,140908.04,HU
2026-05-06,Solar Generation,131963.85,HU
2026-05-07,Solar Generation,62816.99,HU
2026-04-28,Solar Capture,71.79,HU
2026-04-29,Solar Capture,47.0,HU
2026-04-30,Solar Capture,25.75,HU
2026-05-01,Solar Capture,-167.72,HU
2026-05-02,Solar Capture,-36.45,HU
2026-05-03,Solar Capture,12.16,HU
2026-05-04,Solar Capture,47.09,HU
2026-05-05,Solar Capture,52.46,HU
2026-05-06,Solar Capture,76.82,HU
2026-05-07,Solar Capture,121.36,HU
2026-04-28,Wind Onshore Generation,1000.31,HU
2026-04-29,Wind Onshore Generation,6654.49,HU
2026-04-30,Wind Onshore Generation,4870.2,HU
2026-05-01,Wind Onshore Generation,2048.25,HU
2026-05-02,Wind Onshore Generation,635.04,HU
2026-05-03,Wind Onshore Generation,5753.52,HU
2026-05-04,Wind Onshore Generation,11917.43,HU
2026-05-05,Wind Onshore Generation,17974.67,HU
2026-05-06,Wind Onshore Generation,12706.23,HU
2026-05-07,Wind Onshore Generation,2802.06,HU
2026-04-28,Wind Onshore Capture,167.2,HU
2026-04-29,Wind Onshore Capture,167.84,HU
2026-04-30,Wind Onshore Capture,117.29,HU
2026-05-01,Wind Onshore Capture,98.17,HU
2026-05-02,Wind Onshore Capture,99.97,HU
2026-05-03,Wind Onshore Capture,112.45,HU
2026-05-04,Wind Onshore Capture,136.37,HU
2026-05-05,Wind Onshore Capture,122.74,HU
2026-05-06,Wind Onshore Capture,138.77,HU
2026-05-07,Wind Onshore Capture,127.9,HU
2026-04-28,Solar Forecast,19263.68,HU
2026-04-29,Solar Forecast,94641.46,HU
2026-04-30,Solar Forecast,121152.85,HU
2026-05-01,Solar Forecast,114385.43,HU
2026-05-02,Solar Forecast,117134.3,HU
2026-05-03,Solar Forecast,127999.52,HU
2026-05-04,Solar Forecast,128863.85,HU
2026-05-05,Solar Forecast,120107.42,HU
2026-05-06,Solar Forecast,109787.3,HU
2026-05-07,Solar Forecast,55985.02,HU
2026-05-08,Solar Forecast,84738.65,HU
2026-04-28,Wind Onshore Forecast,958.42,HU
2026-04-29,Wind Onshore Forecast,6708.92,HU
2026-04-30,Wind Onshore Forecast,5227.99,HU
2026-05-01,Wind Onshore Forecast,2138.59,HU
2026-05-02,Wind Onshore Forecast,937.65,HU
2026-05-03,Wind Onshore Forecast,7927.33,HU
2026-05-04,Wind Onshore Forecast,13415.98,HU
2026-05-05,Wind Onshore Forecast,19049.83,HU
2026-05-06,Wind Onshore Forecast,15185.57,HU
2026-05-07,Wind Onshore Forecast,4846.16,HU
2026-05-08,Wind Onshore Forecast,776.48,HU
2026-04-28,Baseload,66.39,PT
2026-04-29,Baseload,75.78,PT
2026-04-30,Baseload,65.11,PT
2026-05-01,Baseload,57.15,PT
2026-05-02,Baseload,43.61,PT
2026-05-03,Baseload,49.3,PT
2026-05-04,Baseload,66.84,PT
2026-05-05,Baseload,64.63,PT
2026-05-06,Baseload,76.65,PT
2026-05-07,Baseload,85.79,PT
2026-05-08,Baseload,64.24,PT
2026-04-28,Solar Generation,6618.4,PT
2026-04-29,Solar Generation,14108.0,PT
2026-04-30,Solar Generation,17980.5,PT
2026-05-01,Solar Generation,21723.1,PT
2026-05-02,Solar Generation,20082.4,PT
2026-05-03,Solar Generation,19657.1,PT
2026-05-04,Solar Generation,22556.2,PT
2026-05-05,Solar Generation,23512.3,PT
2026-05-06,Solar Generation,25925.1,PT
2026-05-07,Solar Generation,22097.7,PT
2026-04-28,Solar Capture,15.98,PT
2026-04-29,Solar Capture,36.25,PT
2026-04-30,Solar Capture,14.53,PT
2026-05-01,Solar Capture,5.75,PT
2026-05-02,Solar Capture,10.68,PT
2026-05-03,Solar Capture,8.43,PT
2026-05-04,Solar Capture,16.03,PT
2026-05-05,Solar Capture,15.84,PT
2026-05-06,Solar Capture,22.38,PT
2026-05-07,Solar Capture,34.54,PT
2026-04-28,Wind Onshore Generation,5925.5,PT
2026-04-29,Wind Onshore Generation,17809.9,PT
2026-04-30,Wind Onshore Generation,6775.3,PT
2026-05-01,Wind Onshore Generation,3651.4,PT
2026-05-02,Wind Onshore Generation,11496.1,PT
2026-05-03,Wind Onshore Generation,15813.9,PT
2026-05-04,Wind Onshore Generation,33472.1,PT
2026-05-05,Wind Onshore Generation,31143.8,PT
2026-05-06,Wind Onshore Generation,19417.8,PT
2026-05-07,Wind Onshore Generation,9097.6,PT
2026-04-28,Wind Onshore Capture,81.7,PT
2026-04-29,Wind Onshore Capture,73.25,PT
2026-04-30,Wind Onshore Capture,81.42,PT
2026-05-01,Wind Onshore Capture,51.64,PT
2026-05-02,Wind Onshore Capture,39.5,PT
2026-05-03,Wind Onshore Capture,53.57,PT
2026-05-04,Wind Onshore Capture,60.22,PT
2026-05-05,Wind Onshore Capture,70.24,PT
2026-05-06,Wind Onshore Capture,91.36,PT
2026-05-07,Wind Onshore Capture,75.25,PT
2026-04-28,Wind Offshore Generation,35.5,PT
2026-04-29,Wind Offshore Generation,143.4,PT
2026-04-30,Wind Offshore Generation,56.8,PT
2026-05-01,Wind Offshore Generation,0.5,PT
2026-05-02,Wind Offshore Generation,105.6,PT
2026-05-03,Wind Offshore Generation,36.8,PT
2026-05-04,Wind Offshore Generation,74.2,PT
2026-05-05,Wind Offshore Generation,132.8,PT
2026-05-06,Wind Offshore Generation,306.7,PT
2026-05-07,Wind Offshore Generation,65.5,PT
2026-04-28,Wind Offshore Capture,100.38,PT
2026-04-29,Wind Offshore Capture,89.98,PT
2026-04-30,Wind Offshore Capture,25.4,PT
2026-05-01,Wind Offshore Capture,102.49,PT
2026-05-02,Wind Offshore Capture,6.23,PT
2026-05-03,Wind Offshore Capture,70.23,PT
2026-05-04,Wind Offshore Capture,88.19,PT
2026-05-05,Wind Offshore Capture,70.15,PT
2026-05-06,Wind Offshore Capture,80.98,PT
2026-05-07,Wind Offshore Capture,117.52,PT
2026-04-28,Solar Forecast,6911.0,PT
2026-04-29,Solar Forecast,17432.0,PT
2026-04-30,Solar Forecast,21825.3,PT
2026-05-01,Solar Forecast,22728.9,PT
2026-05-02,Solar Forecast,21659.5,PT
2026-05-03,Solar Forecast,20073.2,PT
2026-05-04,Solar Forecast,26711.5,PT
2026-05-05,Solar Forecast,24140.5,PT
2026-05-06,Solar Forecast,28046.8,PT
2026-05-07,Solar Forecast,26192.5,PT
2026-05-08,Solar Forecast,12244.0,PT
2026-04-28,Wind Onshore Forecast,3029.5,PT
2026-04-29,Wind Onshore Forecast,16620.0,PT
2026-04-30,Wind Onshore Forecast,11419.7,PT
2026-05-01,Wind Onshore Forecast,6868.2,PT
2026-05-02,Wind Onshore Forecast,16749.9,PT
2026-05-03,Wind Onshore Forecast,21923.1,PT
2026-05-04,Wind Onshore Forecast,36139.5,PT
2026-05-05,Wind Onshore Forecast,39722.2,PT
2026-05-06,Wind Onshore Forecast,21997.4,PT
2026-05-07,Wind Onshore Forecast,14716.9,PT
2026-05-08,Wind Onshore Forecast,10190.7,PT
2026-04-28,Wind Offshore Forecast,7.6,PT
2026-04-29,Wind Offshore Forecast,84.9,PT
2026-04-30,Wind Offshore Forecast,173.0,PT
2026-05-01,Wind Offshore Forecast,6.9,PT
2026-05-02,Wind Offshore Forecast,67.9,PT
2026-05-03,Wind Offshore Forecast,46.0,PT
2026-05-04,Wind Offshore Forecast,66.4,PT
2026-05-05,Wind Offshore Forecast,121.7,PT
2026-05-06,Wind Offshore Forecast,196.0,PT
2026-05-07,Wind Offshore Forecast,74.2,PT
2026-05-08,Wind Offshore Forecast,41.5,PT
2026-04-28,Baseload,132.35,RS
2026-04-29,Baseload,107.06,RS
2026-04-30,Baseload,91.79,RS
2026-05-01,Baseload,64.42,RS
2026-05-02,Baseload,81.64,RS
2026-05-03,Baseload,78.97,RS
2026-05-04,Baseload,103.02,RS
2026-05-05,Baseload,97.36,RS
2026-05-06,Baseload,104.3,RS
2026-05-07,Baseload,114.79,RS
2026-05-08,Baseload,106.94,RS
2026-04-28,Wind Onshore Generation,732.78,RS
2026-04-29,Wind Onshore Generation,2267.38,RS
2026-04-30,Wind Onshore Generation,6314.74,RS
2026-05-01,Wind Onshore Generation,2268.91,RS
2026-05-02,Wind Onshore Generation,1922.15,RS
2026-05-03,Wind Onshore Generation,4474.07,RS
2026-05-04,Wind Onshore Generation,75.4,RS
2026-05-05,Wind Onshore Generation,1828.84,RS
2026-05-06,Wind Onshore Generation,1792.66,RS
2026-05-07,Wind Onshore Generation,1198.0,RS
2026-04-28,Wind Onshore Capture,145.72,RS
2026-04-29,Wind Onshore Capture,100.46,RS
2026-04-30,Wind Onshore Capture,96.9,RS
2026-05-01,Wind Onshore Capture,93.17,RS
2026-05-02,Wind Onshore Capture,119.12,RS
2026-05-03,Wind Onshore Capture,104.27,RS
2026-05-04,Wind Onshore Capture,96.74,RS
2026-05-05,Wind Onshore Capture,92.28,RS
2026-05-06,Wind Onshore Capture,116.67,RS
2026-05-07,Wind Onshore Capture,82.77,RS
2026-04-28,Wind Onshore Forecast,1107.75,RS
2026-04-29,Wind Onshore Forecast,2783.7,RS
2026-04-30,Wind Onshore Forecast,5405.76,RS
2026-05-01,Wind Onshore Forecast,2128.37,RS
2026-05-02,Wind Onshore Forecast,2749.74,RS
2026-05-03,Wind Onshore Forecast,4451.14,RS
2026-05-04,Wind Onshore Forecast,367.6,RS
2026-05-05,Wind Onshore Forecast,4277.03,RS
2026-05-06,Wind Onshore Forecast,2584.83,RS
2026-05-07,Wind Onshore Forecast,2188.65,RS
2026-04-28,Baseload,111.34,RO
2026-04-29,Baseload,110.35,RO
2026-04-30,Baseload,91.76,RO
2026-05-01,Baseload,83.31,RO
2026-05-02,Baseload,76.38,RO
2026-05-03,Baseload,71.88,RO
2026-05-04,Baseload,109.57,RO
2026-05-05,Baseload,119.63,RO
2026-05-06,Baseload,131.3,RO
2026-05-07,Baseload,140.62,RO
2026-05-08,Baseload,116.08,RO
2026-04-28,Solar Generation,11881.0,RO
2026-04-29,Solar Generation,54563.0,RO
2026-04-30,Solar Generation,33757.0,RO
2026-05-01,Solar Generation,51482.0,RO
2026-05-02,Solar Generation,41028.0,RO
2026-05-03,Solar Generation,50138.0,RO
2026-05-04,Solar Generation,82133.0,RO
2026-05-05,Solar Generation,84906.0,RO
2026-05-06,Solar Generation,82437.0,RO
2026-05-07,Solar Generation,56256.0,RO
2026-04-28,Solar Capture,35.89,RO
2026-04-29,Solar Capture,51.31,RO
2026-04-30,Solar Capture,24.56,RO
2026-05-01,Solar Capture,12.17,RO
2026-05-02,Solar Capture,9.09,RO
2026-05-03,Solar Capture,12.9,RO
2026-05-04,Solar Capture,44.17,RO
2026-05-05,Solar Capture,62.41,RO
2026-05-06,Solar Capture,84.45,RO
2026-05-07,Solar Capture,125.03,RO
2026-04-28,Wind Onshore Generation,25314.0,RO
2026-04-29,Wind Onshore Generation,43331.0,RO
2026-04-30,Wind Onshore Generation,94132.0,RO
2026-05-01,Wind Onshore Generation,51619.0,RO
2026-05-02,Wind Onshore Generation,28435.0,RO
2026-05-03,Wind Onshore Generation,40737.0,RO
2026-05-04,Wind Onshore Generation,43500.0,RO
2026-05-05,Wind Onshore Generation,28217.0,RO
2026-05-06,Wind Onshore Generation,49074.0,RO
2026-05-07,Wind Onshore Generation,64463.0,RO
2026-04-28,Wind Onshore Capture,116.19,RO
2026-04-29,Wind Onshore Capture,113.64,RO
2026-04-30,Wind Onshore Capture,70.82,RO
2026-05-01,Wind Onshore Capture,59.9,RO
2026-05-02,Wind Onshore Capture,74.56,RO
2026-05-03,Wind Onshore Capture,62.73,RO
2026-05-04,Wind Onshore Capture,101.23,RO
2026-05-05,Wind Onshore Capture,163.87,RO
2026-05-06,Wind Onshore Capture,134.86,RO
2026-05-07,Wind Onshore Capture,126.23,RO
2026-04-28,Solar Forecast,14188.5,RO
2026-04-29,Solar Forecast,57103.2,RO
2026-04-30,Solar Forecast,51214.2,RO
2026-05-01,Solar Forecast,72083.57,RO
2026-05-02,Solar Forecast,70733.52,RO
2026-05-03,Solar Forecast,78084.43,RO
2026-05-04,Solar Forecast,108666.96,RO
2026-05-05,Solar Forecast,116439.58,RO
2026-05-06,Solar Forecast,103818.1,RO
2026-05-07,Solar Forecast,90053.31,RO
2026-05-08,Solar Forecast,64728.72,RO
2026-04-28,Wind Onshore Forecast,26851.25,RO
2026-04-29,Wind Onshore Forecast,49531.51,RO
2026-04-30,Wind Onshore Forecast,102175.32,RO
2026-05-01,Wind Onshore Forecast,71502.44,RO
2026-05-02,Wind Onshore Forecast,43278.74,RO
2026-05-03,Wind Onshore Forecast,70073.94,RO
2026-05-04,Wind Onshore Forecast,61854.68,RO
2026-05-05,Wind Onshore Forecast,27952.87,RO
2026-05-06,Wind Onshore Forecast,60250.12,RO
2026-05-07,Wind Onshore Forecast,89729.7,RO
2026-05-08,Wind Onshore Forecast,40242.39,RO
2026-04-28,Baseload,132.5,SI
2026-04-29,Baseload,108.93,SI
2026-04-30,Baseload,81.87,SI
2026-05-01,Baseload,7.28,SI
2026-05-02,Baseload,60.86,SI
2026-05-03,Baseload,70.89,SI
2026-05-04,Baseload,112.25,SI
2026-05-05,Baseload,126.89,SI
2026-05-06,Baseload,133.81,SI
2026-05-07,Baseload,138.29,SI
2026-05-08,Baseload,113.97,SI
2026-04-28,Solar Generation,978.26,SI
2026-04-29,Solar Generation,2195.7,SI
2026-04-30,Solar Generation,9277.66,SI
2026-05-01,Solar Generation,7686.6,SI
2026-05-02,Solar Generation,7905.48,SI
2026-05-03,Solar Generation,8131.09,SI
2026-05-04,Solar Generation,8604.17,SI
2026-05-05,Solar Generation,4672.37,SI
2026-05-06,Solar Generation,3992.43,SI
2026-05-07,Solar Generation,4219.48,SI
2026-04-28,Solar Capture,41.13,SI
2026-04-29,Solar Capture,90.73,SI
2026-04-30,Solar Capture,25.0,SI
2026-05-01,Solar Capture,-148.57,SI
2026-05-02,Solar Capture,-20.67,SI
2026-05-03,Solar Capture,11.34,SI
2026-05-04,Solar Capture,52.27,SI
2026-05-05,Solar Capture,131.69,SI
2026-05-06,Solar Capture,139.78,SI
2026-05-07,Solar Capture,124.83,SI
2026-04-28,Wind Onshore Generation,10.22,SI
2026-04-29,Wind Onshore Generation,87.78,SI
2026-04-30,Wind Onshore Generation,81.56,SI
2026-05-01,Wind Onshore Generation,24.13,SI
2026-05-02,Wind Onshore Generation,4.35,SI
2026-05-03,Wind Onshore Generation,2.85,SI
2026-05-04,Wind Onshore Generation,5.41,SI
2026-05-05,Wind Onshore Generation,7.0,SI
2026-05-06,Wind Onshore Generation,14.56,SI
2026-05-07,Wind Onshore Generation,3.32,SI
2026-04-28,Wind Onshore Capture,147.23,SI
2026-04-29,Wind Onshore Capture,111.91,SI
2026-04-30,Wind Onshore Capture,86.81,SI
2026-05-01,Wind Onshore Capture,0.98,SI
2026-05-02,Wind Onshore Capture,21.56,SI
2026-05-03,Wind Onshore Capture,17.55,SI
2026-05-04,Wind Onshore Capture,54.03,SI
2026-05-05,Wind Onshore Capture,142.61,SI
2026-05-06,Wind Onshore Capture,139.8,SI
2026-05-07,Wind Onshore Capture,127.64,SI
2026-04-28,Solar Forecast,703.96,SI
2026-04-29,Solar Forecast,2933.3,SI
2026-04-30,Solar Forecast,7840.73,SI
2026-05-01,Solar Forecast,8087.87,SI
2026-05-02,Solar Forecast,7973.21,SI
2026-05-03,Solar Forecast,8503.06,SI
2026-05-04,Solar Forecast,6240.79,SI
2026-05-05,Solar Forecast,4351.29,SI
2026-05-06,Solar Forecast,4401.52,SI
2026-05-07,Solar Forecast,5200.6,SI
2026-05-08,Solar Forecast,4768.64,SI
2026-04-28,Baseload,144.14,IT_NORD
2026-04-29,Baseload,115.42,IT_NORD
2026-04-30,Baseload,107.79,IT_NORD
2026-05-01,Baseload,82.74,IT_NORD
2026-05-02,Baseload,101.29,IT_NORD
2026-05-03,Baseload,103.88,IT_NORD
2026-05-04,Baseload,137.46,IT_NORD
2026-05-05,Baseload,146.94,IT_NORD
2026-05-06,Baseload,147.48,IT_NORD
2026-05-07,Baseload,136.64,IT_NORD
2026-05-08,Baseload,126.11,IT_NORD
2026-04-28,Solar Generation,35131.0,IT_NORD
2026-04-29,Solar Generation,163243.0,IT_NORD
2026-04-30,Solar Generation,189137.0,IT_NORD
2026-05-01,Solar Generation,195411.0,IT_NORD
2026-05-02,Solar Generation,201348.0,IT_NORD
2026-05-03,Solar Generation,186004.0,IT_NORD
2026-05-04,Solar Generation,177950.0,IT_NORD
2026-05-05,Solar Generation,76893.0,IT_NORD
2026-05-06,Solar Generation,101167.0,IT_NORD
2026-05-07,Solar Generation,195575.0,IT_NORD
2026-04-28,Solar Capture,129.25,IT_NORD
2026-04-29,Solar Capture,87.86,IT_NORD
2026-04-30,Solar Capture,71.44,IT_NORD
2026-05-01,Solar Capture,13.28,IT_NORD
2026-05-02,Solar Capture,37.72,IT_NORD
2026-05-03,Solar Capture,44.39,IT_NORD
2026-05-04,Solar Capture,126.92,IT_NORD
2026-05-05,Solar Capture,149.43,IT_NORD
2026-05-06,Solar Capture,147.89,IT_NORD
2026-05-07,Solar Capture,107.24,IT_NORD
2026-04-28,Wind Onshore Generation,306.0,IT_NORD
2026-04-29,Wind Onshore Generation,1373.0,IT_NORD
2026-04-30,Wind Onshore Generation,10414.0,IT_NORD
2026-05-01,Wind Onshore Generation,7560.0,IT_NORD
2026-05-02,Wind Onshore Generation,1181.0,IT_NORD
2026-05-03,Wind Onshore Generation,3746.0,IT_NORD
2026-05-04,Wind Onshore Generation,4542.0,IT_NORD
2026-05-05,Wind Onshore Generation,3414.0,IT_NORD
2026-05-06,Wind Onshore Generation,6691.0,IT_NORD
2026-05-07,Wind Onshore Generation,1780.0,IT_NORD
2026-04-28,Wind Onshore Capture,142.86,IT_NORD
2026-04-29,Wind Onshore Capture,110.79,IT_NORD
2026-04-30,Wind Onshore Capture,105.72,IT_NORD
2026-05-01,Wind Onshore Capture,75.43,IT_NORD
2026-05-02,Wind Onshore Capture,131.74,IT_NORD
2026-05-03,Wind Onshore Capture,96.77,IT_NORD
2026-05-04,Wind Onshore Capture,137.95,IT_NORD
2026-05-05,Wind Onshore Capture,151.68,IT_NORD
2026-05-06,Wind Onshore Capture,151.87,IT_NORD
2026-05-07,Wind Onshore Capture,129.06,IT_NORD
2026-04-28,Solar Forecast,29357.0,IT_NORD
2026-04-29,Solar Forecast,150841.0,IT_NORD
2026-04-30,Solar Forecast,174200.0,IT_NORD
2026-05-01,Solar Forecast,234153.0,IT_NORD
2026-05-02,Solar Forecast,224520.0,IT_NORD
2026-05-03,Solar Forecast,191481.0,IT_NORD
2026-05-04,Solar Forecast,162459.0,IT_NORD
2026-05-05,Solar Forecast,54740.0,IT_NORD
2026-05-06,Solar Forecast,94782.0,IT_NORD
2026-05-07,Solar Forecast,199500.0,IT_NORD
2026-04-28,Wind Onshore Forecast,419.0,IT_NORD
2026-04-29,Wind Onshore Forecast,1387.0,IT_NORD
2026-04-30,Wind Onshore Forecast,9725.0,IT_NORD
2026-05-01,Wind Onshore Forecast,6763.0,IT_NORD
2026-05-02,Wind Onshore Forecast,1109.0,IT_NORD
2026-05-03,Wind Onshore Forecast,3465.0,IT_NORD
2026-05-04,Wind Onshore Forecast,3984.0,IT_NORD
2026-05-05,Wind Onshore Forecast,4612.0,IT_NORD
2026-05-06,Wind Onshore Forecast,4307.0,IT_NORD
2026-05-07,Wind Onshore Forecast,2576.0,IT_NORD
2026-04-28,Baseload,144.14,IT_CNOR
2026-04-29,Baseload,116.3,IT_CNOR
2026-04-30,Baseload,107.79,IT_CNOR
2026-05-01,Baseload,82.74,IT_CNOR
2026-05-02,Baseload,101.29,IT_CNOR
2026-05-03,Baseload,103.88,IT_CNOR
2026-05-04,Baseload,137.46,IT_CNOR
2026-05-05,Baseload,146.94,IT_CNOR
2026-05-06,Baseload,147.48,IT_CNOR
2026-05-07,Baseload,136.64,IT_CNOR
2026-05-08,Baseload,126.16,IT_CNOR
2026-04-28,Solar Generation,8388.0,IT_CNOR
2026-04-29,Solar Generation,44260.0,IT_CNOR
2026-04-30,Solar Generation,39783.0,IT_CNOR
2026-05-01,Solar Generation,42224.0,IT_CNOR
2026-05-02,Solar Generation,42893.0,IT_CNOR
2026-05-03,Solar Generation,42318.0,IT_CNOR
2026-05-04,Solar Generation,36075.0,IT_CNOR
2026-05-05,Solar Generation,19798.0,IT_CNOR
2026-05-06,Solar Generation,27545.0,IT_CNOR
2026-05-07,Solar Generation,35539.0,IT_CNOR
2026-04-28,Solar Capture,128.95,IT_CNOR
2026-04-29,Solar Capture,89.31,IT_CNOR
2026-04-30,Solar Capture,68.05,IT_CNOR
2026-05-01,Solar Capture,13.23,IT_CNOR
2026-05-02,Solar Capture,35.68,IT_CNOR
2026-05-03,Solar Capture,44.28,IT_CNOR
2026-05-04,Solar Capture,126.33,IT_CNOR
2026-05-05,Solar Capture,148.14,IT_CNOR
2026-05-06,Solar Capture,148.82,IT_CNOR
2026-05-07,Solar Capture,108.44,IT_CNOR
2026-04-28,Wind Onshore Generation,359.0,IT_CNOR
2026-04-29,Wind Onshore Generation,631.0,IT_CNOR
2026-04-30,Wind Onshore Generation,7125.0,IT_CNOR
2026-05-01,Wind Onshore Generation,7475.0,IT_CNOR
2026-05-02,Wind Onshore Generation,2401.0,IT_CNOR
2026-05-03,Wind Onshore Generation,981.0,IT_CNOR
2026-05-04,Wind Onshore Generation,3654.0,IT_CNOR
2026-05-05,Wind Onshore Generation,8746.0,IT_CNOR
2026-05-06,Wind Onshore Generation,9276.0,IT_CNOR
2026-05-07,Wind Onshore Generation,1027.0,IT_CNOR
2026-04-28,Wind Onshore Capture,145.69,IT_CNOR
2026-04-29,Wind Onshore Capture,115.88,IT_CNOR
2026-04-30,Wind Onshore Capture,107.46,IT_CNOR
2026-05-01,Wind Onshore Capture,77.93,IT_CNOR
2026-05-02,Wind Onshore Capture,122.15,IT_CNOR
2026-05-03,Wind Onshore Capture,98.99,IT_CNOR
2026-05-04,Wind Onshore Capture,139.29,IT_CNOR
2026-05-05,Wind Onshore Capture,148.07,IT_CNOR
2026-05-06,Wind Onshore Capture,147.61,IT_CNOR
2026-05-07,Wind Onshore Capture,131.47,IT_CNOR
2026-04-28,Solar Forecast,8517.0,IT_CNOR
2026-04-29,Solar Forecast,41538.0,IT_CNOR
2026-04-30,Solar Forecast,35417.0,IT_CNOR
2026-05-01,Solar Forecast,48043.0,IT_CNOR
2026-05-02,Solar Forecast,46277.0,IT_CNOR
2026-05-03,Solar Forecast,42610.0,IT_CNOR
2026-05-04,Solar Forecast,35891.0,IT_CNOR
2026-05-05,Solar Forecast,19999.0,IT_CNOR
2026-05-06,Solar Forecast,23679.0,IT_CNOR
2026-05-07,Solar Forecast,36396.0,IT_CNOR
2026-04-28,Wind Onshore Forecast,302.0,IT_CNOR
2026-04-29,Wind Onshore Forecast,767.0,IT_CNOR
2026-04-30,Wind Onshore Forecast,5834.0,IT_CNOR
2026-05-01,Wind Onshore Forecast,6427.0,IT_CNOR
2026-05-02,Wind Onshore Forecast,1088.0,IT_CNOR
2026-05-03,Wind Onshore Forecast,1078.0,IT_CNOR
2026-05-04,Wind Onshore Forecast,4100.0,IT_CNOR
2026-05-05,Wind Onshore Forecast,7309.0,IT_CNOR
2026-05-06,Wind Onshore Forecast,7705.0,IT_CNOR
2026-05-07,Wind Onshore Forecast,1714.0,IT_CNOR
2026-04-28,Baseload,112.97,SK
2026-04-29,Baseload,77.28,SK
2026-04-30,Baseload,77.44,SK
2026-05-01,Baseload,-5.65,SK
2026-05-02,Baseload,57.96,SK
2026-05-03,Baseload,70.29,SK
2026-05-04,Baseload,111.96,SK
2026-05-05,Baseload,115.83,SK
2026-05-06,Baseload,110.52,SK
2026-05-07,Baseload,137.13,SK
2026-05-08,Baseload,110.96,SK
2026-04-28,Solar Generation,144.4,SK
2026-04-29,Solar Generation,11945.6,SK
2026-04-30,Solar Generation,13242.8,SK
2026-05-01,Solar Generation,9383.7,SK
2026-05-02,Solar Generation,12390.7,SK
2026-05-03,Solar Generation,12503.2,SK
2026-05-04,Solar Generation,12520.1,SK
2026-05-05,Solar Generation,11723.9,SK
2026-05-06,Solar Generation,10307.9,SK
2026-05-07,Solar Generation,5527.6,SK
2026-04-28,Solar Capture,42.9,SK
2026-04-29,Solar Capture,23.65,SK
2026-04-30,Solar Capture,11.55,SK
2026-05-01,Solar Capture,-183.12,SK
2026-05-02,Solar Capture,-32.89,SK
2026-05-03,Solar Capture,5.9,SK
2026-05-04,Solar Capture,49.87,SK
2026-05-05,Solar Capture,74.59,SK
2026-05-06,Solar Capture,85.89,SK
2026-05-07,Solar Capture,121.06,SK
2026-04-28,Wind Onshore Generation,3.1,SK
2026-04-29,Wind Onshore Generation,63.6,SK
2026-04-30,Wind Onshore Generation,34.2,SK
2026-05-01,Wind Onshore Generation,9.1,SK
2026-05-02,Wind Onshore Generation,3.0,SK
2026-05-03,Wind Onshore Generation,116.4,SK
2026-05-04,Wind Onshore Generation,77.6,SK
2026-05-05,Wind Onshore Generation,132.7,SK
2026-05-06,Wind Onshore Generation,94.3,SK
2026-05-07,Wind Onshore Generation,20.9,SK
2026-04-28,Wind Onshore Capture,96.76,SK
2026-04-29,Wind Onshore Capture,70.52,SK
2026-04-30,Wind Onshore Capture,65.9,SK
2026-05-01,Wind Onshore Capture,-146.44,SK
2026-05-02,Wind Onshore Capture,120.7,SK
2026-05-03,Wind Onshore Capture,64.51,SK
2026-05-04,Wind Onshore Capture,104.71,SK
2026-05-05,Wind Onshore Capture,112.74,SK
2026-05-06,Wind Onshore Capture,118.36,SK
2026-05-07,Wind Onshore Capture,123.67,SK
2026-04-28,Solar Forecast,240.8,SK
2026-04-29,Solar Forecast,7166.8,SK
2026-04-30,Solar Forecast,12610.0,SK
2026-05-01,Solar Forecast,11990.0,SK
2026-05-02,Solar Forecast,12630.0,SK
2026-05-03,Solar Forecast,11990.0,SK
2026-05-04,Solar Forecast,11990.0,SK
2026-05-05,Solar Forecast,7718.0,SK
2026-05-06,Solar Forecast,10349.0,SK
2026-05-07,Solar Forecast,7718.0,SK
2026-05-08,Solar Forecast,9738.0,SK
2026-04-28,Wind Onshore Forecast,8.0,SK
2026-04-29,Wind Onshore Forecast,96.0,SK
2026-04-30,Wind Onshore Forecast,96.0,SK
2026-05-01,Wind Onshore Forecast,96.0,SK
2026-05-02,Wind Onshore Forecast,96.0,SK
2026-05-03,Wind Onshore Forecast,96.0,SK
2026-05-04,Wind Onshore Forecast,96.0,SK
2026-05-05,Wind Onshore Forecast,96.0,SK
2026-05-06,Wind Onshore Forecast,96.0,SK
2026-05-07,Wind Onshore Forecast,96.0,SK
2026-05-08,Wind Onshore Forecast,60.0,SK
2026-04-28,Baseload,144.14,IT_SICI
2026-04-29,Baseload,116.3,IT_SICI
2026-04-30,Baseload,101.81,IT_SICI
2026-05-01,Baseload,82.42,IT_SICI
2026-05-02,Baseload,98.82,IT_SICI
2026-05-03,Baseload,103.88,IT_SICI
2026-05-04,Baseload,132.43,IT_SICI
2026-05-05,Baseload,140.25,IT_SICI
2026-05-06,Baseload,144.03,IT_SICI
2026-05-07,Baseload,132.05,IT_SICI
2026-05-08,Baseload,126.16,IT_SICI
2026-04-28,Solar Generation,16941.0,IT_SICI
2026-04-29,Solar Generation,62397.0,IT_SICI
2026-04-30,Solar Generation,72113.0,IT_SICI
2026-05-01,Solar Generation,32399.0,IT_SICI
2026-05-02,Solar Generation,59029.0,IT_SICI
2026-05-03,Solar Generation,67380.0,IT_SICI
2026-05-04,Solar Generation,82778.0,IT_SICI
2026-05-05,Solar Generation,74148.0,IT_SICI
2026-05-06,Solar Generation,53833.0,IT_SICI
2026-05-07,Solar Generation,50530.0,IT_SICI
2026-04-28,Solar Capture,128.46,IT_SICI
2026-04-29,Solar Capture,90.26,IT_SICI
2026-04-30,Solar Capture,54.97,IT_SICI
2026-05-01,Solar Capture,20.82,IT_SICI
2026-05-02,Solar Capture,42.41,IT_SICI
2026-05-03,Solar Capture,50.51,IT_SICI
2026-05-04,Solar Capture,114.96,IT_SICI
2026-05-05,Solar Capture,133.06,IT_SICI
2026-05-06,Solar Capture,142.67,IT_SICI
2026-05-07,Solar Capture,95.4,IT_SICI
2026-04-28,Wind Onshore Generation,8673.0,IT_SICI
2026-04-29,Wind Onshore Generation,40145.0,IT_SICI
2026-04-30,Wind Onshore Generation,27311.0,IT_SICI
2026-05-01,Wind Onshore Generation,26168.0,IT_SICI
2026-05-02,Wind Onshore Generation,42797.0,IT_SICI
2026-05-03,Wind Onshore Generation,20886.0,IT_SICI
2026-05-04,Wind Onshore Generation,36962.0,IT_SICI
2026-05-05,Wind Onshore Generation,28192.0,IT_SICI
2026-05-06,Wind Onshore Generation,47666.0,IT_SICI
2026-05-07,Wind Onshore Generation,77339.0,IT_SICI
2026-04-28,Wind Onshore Capture,142.78,IT_SICI
2026-04-29,Wind Onshore Capture,118.04,IT_SICI
2026-04-30,Wind Onshore Capture,108.07,IT_SICI
2026-05-01,Wind Onshore Capture,113.89,IT_SICI
2026-05-02,Wind Onshore Capture,102.6,IT_SICI
2026-05-03,Wind Onshore Capture,106.48,IT_SICI
2026-05-04,Wind Onshore Capture,130.41,IT_SICI
2026-05-05,Wind Onshore Capture,137.93,IT_SICI
2026-05-06,Wind Onshore Capture,143.61,IT_SICI
2026-05-07,Wind Onshore Capture,121.43,IT_SICI
2026-04-28,Solar Forecast,12868.0,IT_SICI
2026-04-29,Solar Forecast,49642.0,IT_SICI
2026-04-30,Solar Forecast,57197.0,IT_SICI
2026-05-01,Solar Forecast,33813.0,IT_SICI
2026-05-02,Solar Forecast,62648.0,IT_SICI
2026-05-03,Solar Forecast,58507.0,IT_SICI
2026-05-04,Solar Forecast,55966.0,IT_SICI
2026-05-05,Solar Forecast,54852.0,IT_SICI
2026-05-06,Solar Forecast,42105.0,IT_SICI
2026-05-07,Solar Forecast,51373.0,IT_SICI
2026-04-28,Wind Onshore Forecast,9426.0,IT_SICI
2026-04-29,Wind Onshore Forecast,28910.0,IT_SICI
2026-04-30,Wind Onshore Forecast,18975.0,IT_SICI
2026-05-01,Wind Onshore Forecast,37787.0,IT_SICI
2026-05-02,Wind Onshore Forecast,56349.0,IT_SICI
2026-05-03,Wind Onshore Forecast,22495.0,IT_SICI
2026-05-04,Wind Onshore Forecast,48891.0,IT_SICI
2026-05-05,Wind Onshore Forecast,47381.0,IT_SICI
2026-05-06,Wind Onshore Forecast,48054.0,IT_SICI
2026-05-07,Wind Onshore Forecast,79640.0,IT_SICI
2026-04-28,Baseload,144.14,IT_CSUD
2026-04-29,Baseload,116.3,IT_CSUD
2026-04-30,Baseload,101.81,IT_CSUD
2026-05-01,Baseload,82.42,IT_CSUD
2026-05-02,Baseload,98.82,IT_CSUD
2026-05-03,Baseload,103.88,IT_CSUD
2026-05-04,Baseload,134.31,IT_CSUD
2026-05-05,Baseload,140.25,IT_CSUD
2026-05-06,Baseload,144.26,IT_CSUD
2026-05-07,Baseload,136.64,IT_CSUD
2026-05-08,Baseload,126.16,IT_CSUD
2026-04-28,Solar Generation,34149.0,IT_CSUD
2026-04-29,Solar Generation,129133.0,IT_CSUD
2026-04-30,Solar Generation,94755.0,IT_CSUD
2026-05-01,Solar Generation,91261.0,IT_CSUD
2026-05-02,Solar Generation,97360.0,IT_CSUD
2026-05-03,Solar Generation,111576.0,IT_CSUD
2026-05-04,Solar Generation,104180.0,IT_CSUD
2026-05-05,Solar Generation,50119.0,IT_CSUD
2026-05-06,Solar Generation,70237.0,IT_CSUD
2026-05-07,Solar Generation,95529.0,IT_CSUD
2026-04-28,Solar Capture,130.09,IT_CSUD
2026-04-29,Solar Capture,92.98,IT_CSUD
2026-04-30,Solar Capture,52.85,IT_CSUD
2026-05-01,Solar Capture,19.94,IT_CSUD
2026-05-02,Solar Capture,44.09,IT_CSUD
2026-05-03,Solar Capture,54.53,IT_CSUD
2026-05-04,Solar Capture,118.51,IT_CSUD
2026-05-05,Solar Capture,130.74,IT_CSUD
2026-05-06,Solar Capture,140.9,IT_CSUD
2026-05-07,Solar Capture,108.86,IT_CSUD
2026-04-28,Wind Onshore Generation,4952.0,IT_CSUD
2026-04-29,Wind Onshore Generation,21895.0,IT_CSUD
2026-04-30,Wind Onshore Generation,74995.0,IT_CSUD
2026-05-01,Wind Onshore Generation,95987.0,IT_CSUD
2026-05-02,Wind Onshore Generation,58505.0,IT_CSUD
2026-05-03,Wind Onshore Generation,12661.0,IT_CSUD
2026-05-04,Wind Onshore Generation,22570.0,IT_CSUD
2026-05-05,Wind Onshore Generation,50193.0,IT_CSUD
2026-05-06,Wind Onshore Generation,60967.0,IT_CSUD
2026-05-07,Wind Onshore Generation,28417.0,IT_CSUD
2026-04-28,Wind Onshore Capture,140.6,IT_CSUD
2026-04-29,Wind Onshore Capture,123.5,IT_CSUD
2026-04-30,Wind Onshore Capture,93.43,IT_CSUD
2026-05-01,Wind Onshore Capture,88.26,IT_CSUD
2026-05-02,Wind Onshore Capture,98.0,IT_CSUD
2026-05-03,Wind Onshore Capture,115.0,IT_CSUD
2026-05-04,Wind Onshore Capture,135.02,IT_CSUD
2026-05-05,Wind Onshore Capture,139.26,IT_CSUD
2026-05-06,Wind Onshore Capture,146.5,IT_CSUD
2026-05-07,Wind Onshore Capture,137.3,IT_CSUD
2026-04-28,Solar Forecast,29638.0,IT_CSUD
2026-04-29,Solar Forecast,123346.0,IT_CSUD
2026-04-30,Solar Forecast,73943.0,IT_CSUD
2026-05-01,Solar Forecast,140848.0,IT_CSUD
2026-05-02,Solar Forecast,134736.0,IT_CSUD
2026-05-03,Solar Forecast,124273.0,IT_CSUD
2026-05-04,Solar Forecast,96198.0,IT_CSUD
2026-05-05,Solar Forecast,43931.0,IT_CSUD
2026-05-06,Solar Forecast,57325.0,IT_CSUD
2026-05-07,Solar Forecast,86910.0,IT_CSUD
2026-04-28,Wind Onshore Forecast,5547.0,IT_CSUD
2026-04-29,Wind Onshore Forecast,21357.0,IT_CSUD
2026-04-30,Wind Onshore Forecast,76646.0,IT_CSUD
2026-05-01,Wind Onshore Forecast,122332.0,IT_CSUD
2026-05-02,Wind Onshore Forecast,88564.0,IT_CSUD
2026-05-03,Wind Onshore Forecast,19462.0,IT_CSUD
2026-05-04,Wind Onshore Forecast,32159.0,IT_CSUD
2026-05-05,Wind Onshore Forecast,47333.0,IT_CSUD
2026-05-06,Wind Onshore Forecast,53803.0,IT_CSUD
2026-05-07,Wind Onshore Forecast,30239.0,IT_CSUD
2026-04-28,Baseload,144.14,IT_SUD
2026-04-29,Baseload,116.3,IT_SUD
2026-04-30,Baseload,101.81,IT_SUD
2026-05-01,Baseload,82.42,IT_SUD
2026-05-02,Baseload,98.82,IT_SUD
2026-05-03,Baseload,103.88,IT_SUD
2026-05-04,Baseload,134.31,IT_SUD
2026-05-05,Baseload,140.25,IT_SUD
2026-05-06,Baseload,144.26,IT_SUD
2026-05-07,Baseload,136.64,IT_SUD
2026-05-08,Baseload,126.16,IT_SUD
2026-04-28,Solar Generation,16706.0,IT_SUD
2026-04-29,Solar Generation,79060.0,IT_SUD
2026-04-30,Solar Generation,33316.0,IT_SUD
2026-05-01,Solar Generation,61135.0,IT_SUD
2026-05-02,Solar Generation,65386.0,IT_SUD
2026-05-03,Solar Generation,75268.0,IT_SUD
2026-05-04,Solar Generation,92169.0,IT_SUD
2026-05-05,Solar Generation,53882.0,IT_SUD
2026-05-06,Solar Generation,47940.0,IT_SUD
2026-05-07,Solar Generation,56121.0,IT_SUD
2026-04-28,Solar Capture,128.3,IT_SUD
2026-04-29,Solar Capture,94.89,IT_SUD
2026-04-30,Solar Capture,52.16,IT_SUD
2026-05-01,Solar Capture,19.45,IT_SUD
2026-05-02,Solar Capture,40.33,IT_SUD
2026-05-03,Solar Capture,52.98,IT_SUD
2026-05-04,Solar Capture,118.81,IT_SUD
2026-05-05,Solar Capture,136.12,IT_SUD
2026-05-06,Solar Capture,141.6,IT_SUD
2026-05-07,Solar Capture,106.4,IT_SUD
2026-04-28,Wind Onshore Generation,15271.0,IT_SUD
2026-04-29,Wind Onshore Generation,31239.0,IT_SUD
2026-04-30,Wind Onshore Generation,185423.0,IT_SUD
2026-05-01,Wind Onshore Generation,204102.0,IT_SUD
2026-05-02,Wind Onshore Generation,138310.0,IT_SUD
2026-05-03,Wind Onshore Generation,78503.0,IT_SUD
2026-05-04,Wind Onshore Generation,50438.0,IT_SUD
2026-05-05,Wind Onshore Generation,76225.0,IT_SUD
2026-05-06,Wind Onshore Generation,97600.0,IT_SUD
2026-05-07,Wind Onshore Generation,90730.0,IT_SUD
2026-04-28,Wind Onshore Capture,144.1,IT_SUD
2026-04-29,Wind Onshore Capture,126.23,IT_SUD
2026-04-30,Wind Onshore Capture,105.23,IT_SUD
2026-05-01,Wind Onshore Capture,88.45,IT_SUD
2026-05-02,Wind Onshore Capture,90.79,IT_SUD
2026-05-03,Wind Onshore Capture,97.2,IT_SUD
2026-05-04,Wind Onshore Capture,132.05,IT_SUD
2026-05-05,Wind Onshore Capture,141.04,IT_SUD
2026-05-06,Wind Onshore Capture,146.72,IT_SUD
2026-05-07,Wind Onshore Capture,130.6,IT_SUD
2026-04-28,Wind Offshore Generation,8.0,IT_SUD
2026-04-29,Wind Offshore Generation,112.0,IT_SUD
2026-04-30,Wind Offshore Generation,448.0,IT_SUD
2026-05-01,Wind Offshore Generation,1007.0,IT_SUD
2026-05-02,Wind Offshore Generation,678.0,IT_SUD
2026-05-03,Wind Offshore Generation,1091.0,IT_SUD
2026-05-04,Wind Offshore Generation,76.0,IT_SUD
2026-05-05,Wind Offshore Generation,128.0,IT_SUD
2026-05-06,Wind Offshore Generation,944.0,IT_SUD
2026-05-07,Wind Offshore Generation,614.0,IT_SUD
2026-04-28,Wind Offshore Capture,126.27,IT_SUD
2026-04-29,Wind Offshore Capture,115.59,IT_SUD
2026-04-30,Wind Offshore Capture,121.0,IT_SUD
2026-05-01,Wind Offshore Capture,89.29,IT_SUD
2026-05-02,Wind Offshore Capture,88.13,IT_SUD
2026-05-03,Wind Offshore Capture,76.98,IT_SUD
2026-05-04,Wind Offshore Capture,114.6,IT_SUD
2026-05-05,Wind Offshore Capture,135.99,IT_SUD
2026-05-06,Wind Offshore Capture,145.47,IT_SUD
2026-05-07,Wind Offshore Capture,123.99,IT_SUD
2026-04-28,Solar Forecast,16202.0,IT_SUD
2026-04-29,Solar Forecast,90535.0,IT_SUD
2026-04-30,Solar Forecast,31367.0,IT_SUD
2026-05-01,Solar Forecast,97901.0,IT_SUD
2026-05-02,Solar Forecast,98090.0,IT_SUD
2026-05-03,Solar Forecast,93296.0,IT_SUD
2026-05-04,Solar Forecast,90378.0,IT_SUD
2026-05-05,Solar Forecast,57087.0,IT_SUD
2026-05-06,Solar Forecast,56809.0,IT_SUD
2026-05-07,Solar Forecast,69605.0,IT_SUD
2026-04-28,Wind Onshore Forecast,14918.0,IT_SUD
2026-04-29,Wind Onshore Forecast,48196.0,IT_SUD
2026-04-30,Wind Onshore Forecast,169905.0,IT_SUD
2026-05-01,Wind Onshore Forecast,249444.0,IT_SUD
2026-05-02,Wind Onshore Forecast,194367.0,IT_SUD
2026-05-03,Wind Onshore Forecast,111058.0,IT_SUD
2026-05-04,Wind Onshore Forecast,65033.0,IT_SUD
2026-05-05,Wind Onshore Forecast,81502.0,IT_SUD
2026-05-06,Wind Onshore Forecast,85049.0,IT_SUD
2026-05-07,Wind Onshore Forecast,80489.0,IT_SUD
2026-04-28,Baseload,143.77,IT_SARD
2026-04-29,Baseload,116.3,IT_SARD
2026-04-30,Baseload,101.81,IT_SARD
2026-05-01,Baseload,82.42,IT_SARD
2026-05-02,Baseload,98.82,IT_SARD
2026-05-03,Baseload,103.88,IT_SARD
2026-05-04,Baseload,134.26,IT_SARD
2026-05-05,Baseload,140.25,IT_SARD
2026-05-06,Baseload,144.26,IT_SARD
2026-05-07,Baseload,136.52,IT_SARD
2026-05-08,Baseload,126.16,IT_SARD
2026-04-28,Solar Generation,9897.0,IT_SARD
2026-04-29,Solar Generation,28186.0,IT_SARD
2026-04-30,Solar Generation,34624.0,IT_SARD
2026-05-01,Solar Generation,27631.0,IT_SARD
2026-05-02,Solar Generation,34937.0,IT_SARD
2026-05-03,Solar Generation,31534.0,IT_SARD
2026-05-04,Solar Generation,18537.0,IT_SARD
2026-05-05,Solar Generation,17580.0,IT_SARD
2026-05-06,Solar Generation,18145.0,IT_SARD
2026-05-07,Solar Generation,21713.0,IT_SARD
2026-04-28,Solar Capture,129.6,IT_SARD
2026-04-29,Solar Capture,91.0,IT_SARD
2026-04-30,Solar Capture,57.51,IT_SARD
2026-05-01,Solar Capture,14.4,IT_SARD
2026-05-02,Solar Capture,33.55,IT_SARD
2026-05-03,Solar Capture,43.7,IT_SARD
2026-05-04,Solar Capture,111.26,IT_SARD
2026-05-05,Solar Capture,131.43,IT_SARD
2026-05-06,Solar Capture,144.13,IT_SARD
2026-05-07,Solar Capture,105.61,IT_SARD
2026-04-28,Wind Onshore Generation,4890.0,IT_SARD
2026-04-29,Wind Onshore Generation,15385.0,IT_SARD
2026-04-30,Wind Onshore Generation,17086.0,IT_SARD
2026-05-01,Wind Onshore Generation,27740.0,IT_SARD
2026-05-02,Wind Onshore Generation,8911.0,IT_SARD
2026-05-03,Wind Onshore Generation,14117.0,IT_SARD
2026-05-04,Wind Onshore Generation,12736.0,IT_SARD
2026-05-05,Wind Onshore Generation,11942.0,IT_SARD
2026-05-06,Wind Onshore Generation,9806.0,IT_SARD
2026-05-07,Wind Onshore Generation,2397.0,IT_SARD
2026-04-28,Wind Onshore Capture,142.87,IT_SARD
2026-04-29,Wind Onshore Capture,110.51,IT_SARD
2026-04-30,Wind Onshore Capture,89.64,IT_SARD
2026-05-01,Wind Onshore Capture,75.44,IT_SARD
2026-05-02,Wind Onshore Capture,96.6,IT_SARD
2026-05-03,Wind Onshore Capture,81.06,IT_SARD
2026-05-04,Wind Onshore Capture,134.15,IT_SARD
2026-05-05,Wind Onshore Capture,138.08,IT_SARD
2026-05-06,Wind Onshore Capture,134.7,IT_SARD
2026-05-07,Wind Onshore Capture,118.11,IT_SARD
2026-04-28,Solar Forecast,8095.0,IT_SARD
2026-04-29,Solar Forecast,22235.0,IT_SARD
2026-04-30,Solar Forecast,24559.0,IT_SARD
2026-05-01,Solar Forecast,32024.0,IT_SARD
2026-05-02,Solar Forecast,34581.0,IT_SARD
2026-05-03,Solar Forecast,28933.0,IT_SARD
2026-05-04,Solar Forecast,12310.0,IT_SARD
2026-05-05,Solar Forecast,14008.0,IT_SARD
2026-05-06,Solar Forecast,14848.0,IT_SARD
2026-05-07,Solar Forecast,19273.0,IT_SARD
2026-04-28,Wind Onshore Forecast,4461.0,IT_SARD
2026-04-29,Wind Onshore Forecast,15546.0,IT_SARD
2026-04-30,Wind Onshore Forecast,12531.0,IT_SARD
2026-05-01,Wind Onshore Forecast,30177.0,IT_SARD
2026-05-02,Wind Onshore Forecast,10511.0,IT_SARD
2026-05-03,Wind Onshore Forecast,15844.0,IT_SARD
2026-05-04,Wind Onshore Forecast,13933.0,IT_SARD
2026-05-05,Wind Onshore Forecast,12623.0,IT_SARD
2026-05-06,Wind Onshore Forecast,14545.0,IT_SARD
2026-05-07,Wind Onshore Forecast,6359.0,IT_SARD
2026-04-28,Baseload,144.14,IT_CALA
2026-04-29,Baseload,116.3,IT_CALA
2026-04-30,Baseload,101.81,IT_CALA
2026-05-01,Baseload,82.42,IT_CALA
2026-05-02,Baseload,98.82,IT_CALA
2026-05-03,Baseload,103.88,IT_CALA
2026-05-04,Baseload,132.43,IT_CALA
2026-05-05,Baseload,140.25,IT_CALA
2026-05-06,Baseload,144.03,IT_CALA
2026-05-07,Baseload,136.64,IT_CALA
2026-05-08,Baseload,126.16,IT_CALA
2026-04-28,Solar Generation,2704.0,IT_CALA
2026-04-29,Solar Generation,12202.0,IT_CALA
2026-04-30,Solar Generation,6823.0,IT_CALA
2026-05-01,Solar Generation,10294.0,IT_CALA
2026-05-02,Solar Generation,13207.0,IT_CALA
2026-05-03,Solar Generation,13365.0,IT_CALA
2026-05-04,Solar Generation,13791.0,IT_CALA
2026-05-05,Solar Generation,9855.0,IT_CALA
2026-05-06,Solar Generation,11888.0,IT_CALA
2026-05-07,Solar Generation,10285.0,IT_CALA
2026-04-28,Solar Capture,127.97,IT_CALA
2026-04-29,Solar Capture,91.59,IT_CALA
2026-04-30,Solar Capture,57.86,IT_CALA
2026-05-01,Solar Capture,13.09,IT_CALA
2026-05-02,Solar Capture,28.19,IT_CALA
2026-05-03,Solar Capture,41.36,IT_CALA
2026-05-04,Solar Capture,114.6,IT_CALA
2026-05-05,Solar Capture,135.62,IT_CALA
2026-05-06,Solar Capture,142.36,IT_CALA
2026-05-07,Solar Capture,105.45,IT_CALA
2026-04-28,Wind Onshore Generation,1859.0,IT_CALA
2026-04-29,Wind Onshore Generation,13539.0,IT_CALA
2026-04-30,Wind Onshore Generation,22483.0,IT_CALA
2026-05-01,Wind Onshore Generation,30281.0,IT_CALA
2026-05-02,Wind Onshore Generation,27438.0,IT_CALA
2026-05-03,Wind Onshore Generation,32226.0,IT_CALA
2026-05-04,Wind Onshore Generation,11650.0,IT_CALA
2026-05-05,Wind Onshore Generation,6789.0,IT_CALA
2026-05-06,Wind Onshore Generation,17979.0,IT_CALA
2026-05-07,Wind Onshore Generation,16333.0,IT_CALA
2026-04-28,Wind Onshore Capture,146.25,IT_CALA
2026-04-29,Wind Onshore Capture,117.28,IT_CALA
2026-04-30,Wind Onshore Capture,101.68,IT_CALA
2026-05-01,Wind Onshore Capture,104.97,IT_CALA
2026-05-02,Wind Onshore Capture,106.85,IT_CALA
2026-05-03,Wind Onshore Capture,76.96,IT_CALA
2026-05-04,Wind Onshore Capture,129.2,IT_CALA
2026-05-05,Wind Onshore Capture,132.64,IT_CALA
2026-05-06,Wind Onshore Capture,144.37,IT_CALA
2026-05-07,Wind Onshore Capture,115.48,IT_CALA
2026-04-28,Solar Forecast,2307.0,IT_CALA
2026-04-29,Solar Forecast,12782.0,IT_CALA
2026-04-30,Solar Forecast,8223.0,IT_CALA
2026-05-01,Solar Forecast,12128.0,IT_CALA
2026-05-02,Solar Forecast,12746.0,IT_CALA
2026-05-03,Solar Forecast,12458.0,IT_CALA
2026-05-04,Solar Forecast,11653.0,IT_CALA
2026-05-05,Solar Forecast,10225.0,IT_CALA
2026-05-06,Solar Forecast,7898.0,IT_CALA
2026-05-07,Solar Forecast,11046.0,IT_CALA
2026-04-28,Wind Onshore Forecast,2153.0,IT_CALA
2026-04-29,Wind Onshore Forecast,10971.0,IT_CALA
2026-04-30,Wind Onshore Forecast,16294.0,IT_CALA
2026-05-01,Wind Onshore Forecast,33186.0,IT_CALA
2026-05-02,Wind Onshore Forecast,31133.0,IT_CALA
2026-05-03,Wind Onshore Forecast,30140.0,IT_CALA
2026-05-04,Wind Onshore Forecast,14729.0,IT_CALA
2026-05-05,Wind Onshore Forecast,9456.0,IT_CALA
2026-05-06,Wind Onshore Forecast,15565.0,IT_CALA
2026-05-07,Wind Onshore Forecast,21555.0,IT_CALA
